title,url,platform,date,client,severity,Status
Psychiatry lastest unarranged,https://t.me/c/2103576412/4348/4349,Telegram,47:38.6,Doctutorials,Critical,Closed
Psychiatry lastest unarranged,https://t.me/c/2103576412/4348/4350,Telegram,47:38.6,Doctutorials,Critical,Closed
Psychiatry lastest unarranged,https://t.me/c/2103576412/4348/4351,Telegram,47:38.6,Doctutorials,Critical,Closed
Psychiatry lastest unarranged,https://t.me/c/2103576412/4348/4352,Telegram,47:38.6,Doctutorials,Critical,Closed
Psychiatry lastest unarranged,https://t.me/c/2103576412/4348/4353,Telegram,47:38.6,Doctutorials,Critical,Closed
Psychiatry lastest unarranged,https://t.me/c/2103576412/4348/4354,Telegram,47:38.6,Doctutorials,Critical,Closed
Psychiatry lastest unarranged,https://t.me/c/2103576412/4348/4355,Telegram,47:38.6,Doctutorials,Critical,Closed
Psychiatry lastest unarranged,https://t.me/c/2103576412/4348/4356,Telegram,47:38.6,Doctutorials,Critical,Closed
Psychiatry lastest unarranged,https://t.me/c/2103576412/4348/4357,Telegram,47:38.6,Doctutorials,Critical,Closed
Psychiatry lastest unarranged,https://t.me/c/2103576412/4348/4358,Telegram,47:38.6,Doctutorials,Critical,Closed
Psychiatry lastest unarranged,https://t.me/c/2103576412/4348/4359,Telegram,47:38.6,Doctutorials,Critical,Closed
Psychiatry lastest unarranged,https://t.me/c/2103576412/4348/4360,Telegram,47:38.6,Doctutorials,Critical,Closed
Psychiatry lastest unarranged,https://t.me/c/2103576412/4348/4361,Telegram,47:38.6,Doctutorials,Critical,Closed
Psychiatry lastest unarranged,https://t.me/c/2103576412/4348/4362,Telegram,47:38.6,Doctutorials,Critical,Closed
Psychiatry lastest unarranged,https://t.me/c/2103576412/4348/4363,Telegram,47:38.6,Doctutorials,Critical,Closed
Psychiatry lastest unarranged,https://t.me/c/2103576412/4348/4364,Telegram,47:38.6,Doctutorials,Critical,Closed
Psychiatry lastest unarranged,https://t.me/c/2103576412/4348/4365,Telegram,47:38.6,Doctutorials,Critical,Closed
Psychiatry lastest unarranged,https://t.me/c/2103576412/4348/4366,Telegram,47:38.6,Doctutorials,Critical,Closed
Psychiatry lastest unarranged,https://t.me/c/2103576412/4348/4367,Telegram,47:38.6,Doctutorials,Critical,Closed
Psychiatry lastest unarranged,https://t.me/c/2103576412/4348/4368,Telegram,47:38.6,Doctutorials,Critical,Closed
Psychiatry lastest unarranged,https://t.me/c/2103576412/4348/4369,Telegram,47:38.6,Doctutorials,Critical,Closed
Psychiatry lastest unarranged,https://t.me/c/2103576412/4348/4370,Telegram,47:38.6,Doctutorials,Critical,Closed
Psychiatry lastest unarranged,https://t.me/c/2103576412/4348/4371,Telegram,47:38.6,Doctutorials,Critical,Closed
Psychiatry lastest unarranged,https://t.me/c/2103576412/4348/4372,Telegram,47:38.6,Doctutorials,Critical,Closed
Psychiatry lastest unarranged,https://t.me/c/2103576412/4348/4373,Telegram,47:38.6,Doctutorials,Critical,Closed
Psychiatry lastest unarranged,https://t.me/c/2103576412/4348/4374,Telegram,47:38.6,Doctutorials,Critical,Closed
Psychiatry lastest unarranged,https://t.me/c/2103576412/4348/4375,Telegram,47:38.6,Doctutorials,Critical,Closed
Psychiatry lastest unarranged,https://t.me/c/2103576412/4348/4376,Telegram,47:38.6,Doctutorials,Critical,Closed
Psychiatry lastest unarranged,https://t.me/c/2103576412/4348/4377,Telegram,47:38.6,Doctutorials,Critical,Closed
Psychiatry lastest unarranged,https://t.me/c/2103576412/4348/4378,Telegram,47:38.6,Doctutorials,Critical,Closed
Psychiatry lastest unarranged,https://t.me/c/2103576412/4348/4379,Telegram,47:38.6,Doctutorials,Critical,Closed
Psychiatry lastest unarranged,https://t.me/c/2103576412/4348/4380,Telegram,47:38.6,Doctutorials,Critical,Closed
Psychiatry lastest unarranged,https://t.me/c/2103576412/4348/4381,Telegram,47:38.6,Doctutorials,Critical,Closed
Psychiatry lastest unarranged,https://t.me/c/2103576412/4348/4382,Telegram,47:38.6,Doctutorials,Critical,Closed
Psychiatry lastest unarranged,https://t.me/c/2103576412/4348/4383,Telegram,47:38.6,Doctutorials,Critical,Closed
Psychiatry lastest unarranged,https://t.me/c/2103576412/4348/4384,Telegram,47:38.6,Doctutorials,Critical,Closed
Psychiatry lastest unarranged,https://t.me/c/2103576412/4348/4385,Telegram,47:38.6,Doctutorials,Critical,Closed
Psychiatry lastest unarranged,https://t.me/c/2103576412/4348/4386,Telegram,47:38.6,Doctutorials,Critical,Closed
Psychiatry lastest unarranged,https://t.me/c/2103576412/4348/4387,Telegram,47:38.6,Doctutorials,Critical,Closed
Psychiatry lastest unarranged,https://t.me/c/2103576412/4348/4388,Telegram,47:38.6,Doctutorials,Critical,Closed
Psychiatry lastest unarranged,https://t.me/c/2103576412/4348/4389,Telegram,47:38.6,Doctutorials,Critical,Closed
Psychiatry lastest unarranged,https://t.me/c/2103576412/4348/4390,Telegram,47:38.6,Doctutorials,Critical,Closed
Psychiatry lastest unarranged,https://t.me/c/2103576412/4348/4391,Telegram,47:38.6,Doctutorials,Critical,Closed
Psychiatry lastest unarranged,https://t.me/c/2103576412/4348/4392,Telegram,47:38.6,Doctutorials,Critical,Closed
Psychiatry lastest unarranged,https://t.me/c/2103576412/4348/4393,Telegram,47:38.6,Doctutorials,Critical,Closed
Psychiatry lastest unarranged,https://t.me/c/2103576412/4348/4394,Telegram,47:38.6,Doctutorials,Critical,Closed
Psychiatry lastest unarranged,https://t.me/c/2103576412/4348/4395,Telegram,47:38.6,Doctutorials,Critical,Closed
Psychiatry lastest unarranged,https://t.me/c/2103576412/4348/4396,Telegram,47:38.6,Doctutorials,Critical,Closed
Psychiatry lastest unarranged,https://t.me/c/2103576412/4348/4397,Telegram,47:38.6,Doctutorials,Critical,Closed
Psychiatry lastest unarranged,https://t.me/c/2103576412/4348/4398,Telegram,47:38.6,Doctutorials,Critical,Closed
Psychiatry lastest unarranged,https://t.me/c/2103576412/4348/4399,Telegram,47:38.6,Doctutorials,Critical,Closed
Psychiatry lastest unarranged,https://t.me/c/2103576412/4348/4400,Telegram,47:38.6,Doctutorials,Critical,Closed
Psychiatry lastest unarranged,https://t.me/c/2103576412/4348/4401,Telegram,47:38.6,Doctutorials,Critical,Closed
Psychiatry lastest unarranged,https://t.me/c/2103576412/4348/4402,Telegram,47:38.6,Doctutorials,Critical,Closed
Psychiatry lastest unarranged,https://t.me/c/2103576412/4348/4403,Telegram,47:38.6,Doctutorials,Critical,Closed
Psychiatry lastest unarranged,https://t.me/c/2103576412/4348/4404,Telegram,47:38.6,Doctutorials,Critical,Closed
Psychiatry lastest unarranged,https://t.me/c/2103576412/4348/4405,Telegram,47:38.6,Doctutorials,Critical,Closed
Psychiatry lastest unarranged,https://t.me/c/2103576412/4348/4406,Telegram,47:38.6,Doctutorials,Critical,Closed
Psychiatry lastest unarranged,https://t.me/c/2103576412/4348/4407,Telegram,47:38.6,Doctutorials,Critical,Closed
Psychiatry lastest unarranged,https://t.me/c/2103576412/4348/4408,Telegram,47:38.6,Doctutorials,Critical,Closed
Psychiatry lastest unarranged,https://t.me/c/2103576412/4348/4409,Telegram,47:38.6,Doctutorials,Critical,Closed
Psychiatry lastest unarranged,https://t.me/c/2103576412/4348/4410,Telegram,47:38.6,Doctutorials,Critical,Closed
Psychiatry lastest unarranged,https://t.me/c/2103576412/4348/4411,Telegram,47:38.6,Doctutorials,Critical,Closed
Psychiatry lastest unarranged,https://t.me/c/2103576412/4348/4412,Telegram,47:38.6,Doctutorials,Critical,Closed
Psychiatry lastest unarranged,https://t.me/c/2103576412/4348/4413,Telegram,47:38.6,Doctutorials,Critical,Closed
Psychiatry lastest unarranged,https://t.me/c/2103576412/4348/4414,Telegram,47:38.6,Doctutorials,Critical,Closed
Psychiatry lastest unarranged,https://t.me/c/2103576412/4348/4415,Telegram,47:38.6,Doctutorials,Critical,Closed
Psychiatry lastest unarranged,https://t.me/c/2103576412/4348/4416,Telegram,47:38.6,Doctutorials,Critical,Closed
Psychiatry lastest unarranged,https://t.me/c/2103576412/4348/4417,Telegram,47:38.6,Doctutorials,Critical,Closed
Psychiatry lastest unarranged,https://t.me/c/2103576412/4348/4418,Telegram,47:38.6,Doctutorials,Critical,Closed
Psychiatry lastest unarranged,https://t.me/c/2103576412/4348/4419,Telegram,47:38.6,Doctutorials,Critical,Closed
Psychiatry lastest unarranged,https://t.me/c/2103576412/4348/4420,Telegram,47:38.6,Doctutorials,Critical,Closed
Psychiatry lastest unarranged,https://t.me/c/2103576412/4348/4421,Telegram,47:38.6,Doctutorials,Critical,Closed
Psychiatry lastest unarranged,https://t.me/c/2103576412/4348/4422,Telegram,47:38.6,Doctutorials,Critical,Closed
Psychiatry lastest unarranged,https://t.me/c/2103576412/4348/4423,Telegram,47:38.6,Doctutorials,Critical,Closed
Psychiatry lastest unarranged,https://t.me/c/2103576412/4348/4424,Telegram,47:38.6,Doctutorials,Critical,Closed
Psychiatry lastest unarranged,https://t.me/c/2103576412/4348/4425,Telegram,47:38.6,Doctutorials,Critical,Closed
Psychiatry lastest unarranged,https://t.me/c/2103576412/4348/4426,Telegram,47:38.6,Doctutorials,Critical,Closed
Psychiatry lastest unarranged,https://t.me/c/2103576412/4348/4427,Telegram,47:38.6,Doctutorials,Critical,Closed
Psychiatry lastest unarranged,https://t.me/c/2103576412/4348/4428,Telegram,47:38.6,Doctutorials,Critical,Closed
Psychiatry lastest unarranged,https://t.me/c/2103576412/4348/4429,Telegram,47:38.6,Doctutorials,Critical,Closed
Psychiatry lastest unarranged,https://t.me/c/2103576412/4348/4430,Telegram,47:38.6,Doctutorials,Critical,Closed
Psychiatry lastest unarranged,https://t.me/c/2103576412/4348/4431,Telegram,47:38.6,Doctutorials,Critical,Closed
Psychiatry lastest unarranged,https://t.me/c/2103576412/4348/4432,Telegram,47:38.6,Doctutorials,Critical,Closed
Psychiatry lastest unarranged,https://t.me/c/2103576412/4348/4433,Telegram,47:38.6,Doctutorials,Critical,Closed
Psychiatry lastest unarranged,https://t.me/c/2103576412/4348/4434,Telegram,47:38.6,Doctutorials,Critical,Closed
Psychiatry lastest unarranged,https://t.me/c/2103576412/4348/4435,Telegram,47:38.6,Doctutorials,Critical,Closed
Psychiatry lastest unarranged,https://t.me/c/2103576412/4348/4436,Telegram,47:38.6,Doctutorials,Critical,Closed
Psychiatry lastest unarranged,https://t.me/c/2103576412/4348/4437,Telegram,47:38.6,Doctutorials,Critical,Closed
Psychiatry lastest unarranged,https://t.me/c/2103576412/4348/4438,Telegram,47:38.6,Doctutorials,Critical,Closed
Psychiatry lastest unarranged,https://t.me/c/2103576412/4348/4439,Telegram,47:38.6,Doctutorials,Critical,Closed
Psychiatry lastest unarranged,https://t.me/c/2103576412/4348/4440,Telegram,47:38.6,Doctutorials,Critical,Closed
Psychiatry lastest unarranged,https://t.me/c/2103576412/4348/4441,Telegram,47:38.6,Doctutorials,Critical,Closed
Psychiatry lastest unarranged,https://t.me/c/2103576412/4348/4442,Telegram,47:38.6,Doctutorials,Critical,Closed
Psychiatry lastest unarranged,https://t.me/c/2103576412/4348/4443,Telegram,47:38.6,Doctutorials,Critical,Closed
Psychiatry lastest unarranged,https://t.me/c/2103576412/4348/4444,Telegram,47:38.6,Doctutorials,Critical,Closed
Psychiatry lastest unarranged,https://t.me/c/2103576412/4348/4445,Telegram,47:38.6,Doctutorials,Critical,Closed
Psychiatry lastest unarranged,https://t.me/c/2103576412/4348/4446,Telegram,47:38.6,Doctutorials,Critical,Closed
Psychiatry lastest unarranged,https://t.me/c/2103576412/4348/4447,Telegram,47:38.6,Doctutorials,Critical,Closed
Psychiatry lastest unarranged,https://t.me/c/2103576412/4348/4448,Telegram,47:38.6,Doctutorials,Critical,Closed
Psychiatry lastest unarranged,https://t.me/c/2103576412/4348/4449,Telegram,47:38.6,Doctutorials,Critical,Closed
Psychiatry lastest unarranged,https://t.me/c/2103576412/4348/4450,Telegram,47:38.6,Doctutorials,Critical,Closed
Psychiatry lastest unarranged,https://t.me/c/2103576412/4348/4451,Telegram,47:38.6,Doctutorials,Critical,Closed
Psychiatry lastest unarranged,https://t.me/c/2103576412/4348/4452,Telegram,47:38.6,Doctutorials,Critical,Closed
Psychiatry lastest unarranged,https://t.me/c/2103576412/4348/4453,Telegram,47:38.6,Doctutorials,Critical,Closed
Psychiatry lastest unarranged,https://t.me/c/2103576412/4348/4454,Telegram,47:38.6,Doctutorials,Critical,Closed
Psychiatry lastest unarranged,https://t.me/c/2103576412/4348/4455,Telegram,47:38.6,Doctutorials,Critical,Closed
Psychiatry lastest unarranged,https://t.me/c/2103576412/4348/4456,Telegram,47:38.6,Doctutorials,Critical,Closed
Psychiatry lastest unarranged,https://t.me/c/2103576412/4348/4457,Telegram,47:38.6,Doctutorials,Critical,Closed
Psychiatry lastest unarranged,https://t.me/c/2103576412/4348/4458,Telegram,47:38.6,Doctutorials,Critical,Closed
Psychiatry lastest unarranged,https://t.me/c/2103576412/4348/4459,Telegram,47:38.6,Doctutorials,Critical,Closed
Psychiatry lastest unarranged,https://t.me/c/2103576412/4348/4460,Telegram,47:38.6,Doctutorials,Critical,Closed
Psychiatry lastest unarranged,https://t.me/c/2103576412/4348/4461,Telegram,47:38.6,Doctutorials,Critical,Closed
Psychiatry lastest unarranged,https://t.me/c/2103576412/4348/4462,Telegram,47:38.6,Doctutorials,Critical,Closed
Psychiatry lastest unarranged,https://t.me/c/2103576412/4348/4463,Telegram,47:38.6,Doctutorials,Critical,Closed
Psychiatry lastest unarranged,https://t.me/c/2103576412/4348/4464,Telegram,47:38.6,Doctutorials,Critical,Closed
Psychiatry lastest unarranged,https://t.me/c/2103576412/4348/4465,Telegram,47:38.6,Doctutorials,Critical,Closed
Psychiatry lastest unarranged,https://t.me/c/2103576412/4348/4466,Telegram,47:38.6,Doctutorials,Critical,Closed
Psychiatry lastest unarranged,https://t.me/c/2103576412/4348/4467,Telegram,47:38.6,Doctutorials,Critical,Closed
Psychiatry lastest unarranged,https://t.me/c/2103576412/4348/4468,Telegram,47:38.6,Doctutorials,Critical,Closed
Psychiatry lastest unarranged,https://t.me/c/2103576412/4348/4469,Telegram,47:38.6,Doctutorials,Critical,Closed
Psychiatry lastest unarranged,https://t.me/c/2103576412/4348/4470,Telegram,47:38.6,Doctutorials,Critical,Closed
Psychiatry lastest unarranged,https://t.me/c/2103576412/4348/4471,Telegram,47:38.6,Doctutorials,Critical,Closed
Psychiatry lastest unarranged,https://t.me/c/2103576412/4348/4472,Telegram,47:38.6,Doctutorials,Critical,Closed
Psychiatry lastest unarranged,https://t.me/c/2103576412/4348/4473,Telegram,47:38.6,Doctutorials,Critical,Closed
Psychiatry lastest unarranged,https://t.me/c/2103576412/4348/4474,Telegram,47:38.6,Doctutorials,Critical,Closed
Psychiatry lastest unarranged,https://t.me/c/2103576412/4348/4475,Telegram,47:38.6,Doctutorials,Critical,Closed
Psychiatry lastest unarranged,https://t.me/c/2103576412/4348/4476,Telegram,47:38.6,Doctutorials,Critical,Closed
Psychiatry lastest unarranged,https://t.me/c/2103576412/4348/4477,Telegram,47:38.6,Doctutorials,Critical,Closed
Psychiatry lastest unarranged,https://t.me/c/2103576412/4348/4478,Telegram,47:38.6,Doctutorials,Critical,Closed
Psychiatry lastest unarranged,https://t.me/c/2103576412/4348/4479,Telegram,47:38.6,Doctutorials,Critical,Closed
Psychiatry lastest unarranged,https://t.me/c/2103576412/4348/4480,Telegram,47:38.6,Doctutorials,Critical,Closed
Psychiatry lastest unarranged,https://t.me/c/2103576412/4348/4481,Telegram,47:38.6,Doctutorials,Critical,Closed
Psychiatry lastest unarranged,https://t.me/c/2103576412/4348/4482,Telegram,47:38.6,Doctutorials,Critical,Closed
Psychiatry lastest unarranged,https://t.me/c/2103576412/4348/4483,Telegram,47:38.6,Doctutorials,Critical,Closed
Psychiatry lastest unarranged,https://t.me/c/2103576412/4348/4484,Telegram,47:38.6,Doctutorials,Critical,Closed
Psychiatry lastest unarranged,https://t.me/c/2103576412/4348/4485,Telegram,47:38.6,Doctutorials,Critical,Closed
Psychiatry lastest unarranged,https://t.me/c/2103576412/4348/4486,Telegram,47:38.6,Doctutorials,Critical,Closed
Psychiatry lastest unarranged,https://t.me/c/2103576412/4348/4487,Telegram,47:38.6,Doctutorials,Critical,Closed
Psychiatry lastest unarranged,https://t.me/c/2103576412/4348/4488,Telegram,47:38.6,Doctutorials,Critical,Closed
Psychiatry lastest unarranged,https://t.me/c/2103576412/4348/4489,Telegram,47:38.6,Doctutorials,Critical,Closed
Psychiatry lastest unarranged,https://t.me/c/2103576412/4348/4490,Telegram,47:38.6,Doctutorials,Critical,Closed
Psychiatry lastest unarranged,https://t.me/c/2103576412/4348/4491,Telegram,47:38.6,Doctutorials,Critical,Closed
Psychiatry lastest unarranged,https://t.me/c/2103576412/4348/4492,Telegram,47:38.6,Doctutorials,Critical,Closed
Psychiatry lastest unarranged,https://t.me/c/2103576412/4348/4493,Telegram,47:38.6,Doctutorials,Critical,Closed
Psychiatry lastest unarranged,https://t.me/c/2103576412/4348/4494,Telegram,47:38.6,Doctutorials,Critical,Closed
Psychiatry lastest unarranged,https://t.me/c/2103576412/4348/4495,Telegram,47:38.6,Doctutorials,Critical,Closed
Psychiatry lastest unarranged,https://t.me/c/2103576412/4348/4496,Telegram,47:38.6,Doctutorials,Critical,Closed
Psychiatry lastest unarranged,https://t.me/c/2103576412/4348/4497,Telegram,47:38.6,Doctutorials,Critical,Closed
Psychiatry lastest unarranged,https://t.me/c/2103576412/4348/4498,Telegram,47:38.6,Doctutorials,Critical,Closed
Psychiatry lastest unarranged,https://t.me/c/2103576412/4348/4499,Telegram,47:38.6,Doctutorials,Critical,Closed
Psychiatry lastest unarranged,https://t.me/c/2103576412/4348/4500,Telegram,47:38.6,Doctutorials,Critical,Closed
Psychiatry lastest unarranged,https://t.me/c/2103576412/4348/4501,Telegram,47:38.6,Doctutorials,Critical,Closed
Psychiatry lastest unarranged,https://t.me/c/2103576412/4348/4502,Telegram,47:38.6,Doctutorials,Critical,Closed
Psychiatry lastest unarranged,https://t.me/c/2103576412/4348/4503,Telegram,47:38.6,Doctutorials,Critical,Closed
Psychiatry lastest unarranged,https://t.me/c/2103576412/4348/4504,Telegram,47:38.6,Doctutorials,Critical,Closed
Psychiatry lastest unarranged,https://t.me/c/2103576412/4348/4505,Telegram,47:38.6,Doctutorials,Critical,Closed
Psychiatry lastest unarranged,https://t.me/c/2103576412/4348/4506,Telegram,47:38.6,Doctutorials,Critical,Closed
Psychiatry lastest unarranged,https://t.me/c/2103576412/4348/4507,Telegram,47:38.6,Doctutorials,Critical,Closed
Psychiatry lastest unarranged,https://t.me/c/2103576412/4348/4508,Telegram,47:38.6,Doctutorials,Critical,Closed
Psychiatry lastest unarranged,https://t.me/c/2103576412/4348/4509,Telegram,47:38.6,Doctutorials,Critical,Closed
Psychiatry lastest unarranged,https://t.me/c/2103576412/4348/4510,Telegram,47:38.6,Doctutorials,Critical,Closed
Psychiatry lastest unarranged,https://t.me/c/2103576412/4348/4511,Telegram,47:38.6,Doctutorials,Critical,Closed
Psychiatry lastest unarranged,https://t.me/c/2103576412/4348/4512,Telegram,47:38.6,Doctutorials,Critical,Closed
Psychiatry lastest unarranged,https://t.me/c/2103576412/4348/4513,Telegram,47:38.6,Doctutorials,Critical,Closed
Psychiatry lastest unarranged,https://t.me/c/2103576412/4348/4514,Telegram,47:38.6,Doctutorials,Critical,Closed
Free Doc tutorials videos (FP),https://t.me/doctutorialsfreevideos/4,Telegram,47:38.6,Doctutorials,Critical,Closed
Free Doc tutorials videos (FP),https://t.me/doctutorialsfreevideos/5,Telegram,47:38.6,Doctutorials,Critical,Closed
Free Doc tutorials videos (FP),https://t.me/doctutorialsfreevideos/6,Telegram,47:38.6,Doctutorials,Critical,Closed
Free Doc tutorials videos (FP),https://t.me/doctutorialsfreevideos/7,Telegram,47:38.6,Doctutorials,Critical,Closed
Free Doc tutorials videos (FP),https://t.me/doctutorialsfreevideos/8,Telegram,47:38.6,Doctutorials,Critical,Closed
Free Doc tutorials videos (FP),https://t.me/doctutorialsfreevideos/9,Telegram,47:38.6,Doctutorials,Critical,Closed
Free Doc tutorials videos (FP),https://t.me/doctutorialsfreevideos/10,Telegram,47:38.6,Doctutorials,Critical,Closed
Free Doc tutorials videos (FP),https://t.me/doctutorialsfreevideos/11,Telegram,47:38.6,Doctutorials,Critical,Closed
Free Doc tutorials videos (FP),https://t.me/doctutorialsfreevideos/12,Telegram,47:38.6,Doctutorials,Critical,Closed
Free Doc tutorials videos (FP),https://t.me/doctutorialsfreevideos/13,Telegram,47:38.6,Doctutorials,Critical,Closed
Free Doc tutorials videos (FP),https://t.me/doctutorialsfreevideos/14,Telegram,47:38.6,Doctutorials,Critical,Closed
Free Doc tutorials videos (FP),https://t.me/doctutorialsfreevideos/15,Telegram,47:38.6,Doctutorials,Critical,Closed
Free Doc tutorials videos (FP),https://t.me/doctutorialsfreevideos/16,Telegram,47:38.6,Doctutorials,Critical,Closed
Free Doc tutorials videos (FP),https://t.me/doctutorialsfreevideos/17,Telegram,47:38.6,Doctutorials,Critical,Closed
Free Doc tutorials videos (FP),https://t.me/doctutorialsfreevideos/18,Telegram,47:38.6,Doctutorials,Critical,Closed
Free Doc tutorials videos (FP),https://t.me/doctutorialsfreevideos/19,Telegram,47:38.6,Doctutorials,Critical,Closed
Free Doc tutorials videos (FP),https://t.me/doctutorialsfreevideos/20,Telegram,47:38.6,Doctutorials,Critical,Closed
Free Doc tutorials videos (FP),https://t.me/doctutorialsfreevideos/21,Telegram,47:38.6,Doctutorials,Critical,Closed
Free Doc tutorials videos (FP),https://t.me/doctutorialsfreevideos/22,Telegram,47:38.6,Doctutorials,Critical,Closed
Free Doc tutorials videos (FP),https://t.me/doctutorialsfreevideos/23,Telegram,47:38.6,Doctutorials,Critical,Closed
Free Doc tutorials videos (FP),https://t.me/doctutorialsfreevideos/24,Telegram,47:38.6,Doctutorials,Critical,Closed
Free Doc tutorials videos (FP),https://t.me/doctutorialsfreevideos/25,Telegram,47:38.6,Doctutorials,Critical,Closed
Free Doc tutorials videos (FP),https://t.me/doctutorialsfreevideos/26,Telegram,47:38.6,Doctutorials,Critical,Closed
Free Doc tutorials videos (FP),https://t.me/doctutorialsfreevideos/27,Telegram,47:38.6,Doctutorials,Critical,Closed
Free Doc tutorials videos (FP),https://t.me/doctutorialsfreevideos/28,Telegram,47:38.6,Doctutorials,Critical,Closed
Free Doc tutorials videos (FP),https://t.me/doctutorialsfreevideos/29,Telegram,47:38.6,Doctutorials,Critical,Closed
Free Doc tutorials videos (FP),https://t.me/doctutorialsfreevideos/30,Telegram,47:38.6,Doctutorials,Critical,Closed
Free Doc tutorials videos (FP),https://t.me/doctutorialsfreevideos/31,Telegram,47:38.6,Doctutorials,Critical,Closed
Free Doc tutorials videos (FP),https://t.me/doctutorialsfreevideos/32,Telegram,47:38.6,Doctutorials,Critical,Closed
Free Doc tutorials videos (FP),https://t.me/doctutorialsfreevideos/33,Telegram,47:38.6,Doctutorials,Critical,Closed
Free Doc tutorials videos (FP),https://t.me/doctutorialsfreevideos/34,Telegram,47:38.6,Doctutorials,Critical,Closed
ENT - Latest,https://t.me/c/2103576412/15/1248,Telegram,47:38.6,Doctutorials,Critical,Closed
ENT - Latest,https://t.me/c/2103576412/15/1249,Telegram,47:38.6,Doctutorials,Critical,Closed
ENT - Latest,https://t.me/c/2103576412/15/1250,Telegram,47:38.6,Doctutorials,Critical,Closed
ENT - Latest,https://t.me/c/2103576412/15/1251,Telegram,47:38.6,Doctutorials,Critical,Closed
ENT - Latest,https://t.me/c/2103576412/15/1252,Telegram,47:38.6,Doctutorials,Critical,Closed
ENT - Latest,https://t.me/c/2103576412/15/1253,Telegram,47:38.6,Doctutorials,Critical,Closed
ENT - Latest,https://t.me/c/2103576412/15/1254,Telegram,47:38.6,Doctutorials,Critical,Closed
ENT - Latest,https://t.me/c/2103576412/15/1255,Telegram,47:38.6,Doctutorials,Critical,Closed
ENT - Latest,https://t.me/c/2103576412/15/1256,Telegram,47:38.6,Doctutorials,Critical,Closed
ENT - Latest,https://t.me/c/2103576412/15/1257,Telegram,47:38.6,Doctutorials,Critical,Closed
ENT - Latest,https://t.me/c/2103576412/15/1258,Telegram,47:38.6,Doctutorials,Critical,Closed
ENT - Latest,https://t.me/c/2103576412/15/1259,Telegram,47:38.6,Doctutorials,Critical,Closed
ENT - Latest,https://t.me/c/2103576412/15/1260,Telegram,47:38.6,Doctutorials,Critical,Closed
ENT - Latest,https://t.me/c/2103576412/15/1261,Telegram,47:38.6,Doctutorials,Critical,Closed
ENT - Latest,https://t.me/c/2103576412/15/1262,Telegram,47:38.6,Doctutorials,Critical,Closed
ENT - Latest,https://t.me/c/2103576412/15/1263,Telegram,47:38.6,Doctutorials,Critical,Closed
ENT - Latest,https://t.me/c/2103576412/15/1264,Telegram,47:38.6,Doctutorials,Critical,Closed
ENT - Latest,https://t.me/c/2103576412/15/1265,Telegram,47:38.6,Doctutorials,Critical,Closed
ENT - Latest,https://t.me/c/2103576412/15/1266,Telegram,47:38.6,Doctutorials,Critical,Closed
ENT - Latest,https://t.me/c/2103576412/15/1267,Telegram,47:38.6,Doctutorials,Critical,Closed
ENT - Latest,https://t.me/c/2103576412/15/1268,Telegram,47:38.6,Doctutorials,Critical,Closed
ENT - Latest,https://t.me/c/2103576412/15/1269,Telegram,47:38.6,Doctutorials,Critical,Closed
ENT - Latest,https://t.me/c/2103576412/15/1270,Telegram,47:38.6,Doctutorials,Critical,Closed
ENT - Latest,https://t.me/c/2103576412/15/1271,Telegram,47:38.6,Doctutorials,Critical,Closed
ENT - Latest,https://t.me/c/2103576412/15/1272,Telegram,47:38.6,Doctutorials,Critical,Closed
ENT - Latest,https://t.me/c/2103576412/15/1273,Telegram,47:38.6,Doctutorials,Critical,Closed
ENT - Latest,https://t.me/c/2103576412/15/1274,Telegram,47:38.6,Doctutorials,Critical,Closed
ENT - Latest,https://t.me/c/2103576412/15/1275,Telegram,47:38.6,Doctutorials,Critical,Closed
ENT - Latest,https://t.me/c/2103576412/15/1276,Telegram,47:38.6,Doctutorials,Critical,Closed
ENT - Latest,https://t.me/c/2103576412/15/1277,Telegram,47:38.6,Doctutorials,Critical,Closed
ENT - Latest,https://t.me/c/2103576412/15/1278,Telegram,47:38.6,Doctutorials,Critical,Closed
ENT - Latest,https://t.me/c/2103576412/15/1279,Telegram,47:38.6,Doctutorials,Critical,Closed
ENT - Latest,https://t.me/c/2103576412/15/1280,Telegram,47:38.6,Doctutorials,Critical,Closed
ENT - Latest,https://t.me/c/2103576412/15/1281,Telegram,47:38.6,Doctutorials,Critical,Closed
ENT - Latest,https://t.me/c/2103576412/15/1282,Telegram,47:38.6,Doctutorials,Critical,Closed
ENT - Latest,https://t.me/c/2103576412/15/1283,Telegram,47:38.6,Doctutorials,Critical,Closed
ENT - Latest,https://t.me/c/2103576412/15/1284,Telegram,47:38.6,Doctutorials,Critical,Closed
ENT - Latest,https://t.me/c/2103576412/15/1285,Telegram,47:38.6,Doctutorials,Critical,Closed
ENT - Latest,https://t.me/c/2103576412/15/1286,Telegram,47:38.6,Doctutorials,Critical,Closed
ENT - Latest,https://t.me/c/2103576412/15/1287,Telegram,47:38.6,Doctutorials,Critical,Closed
ENT - Latest,https://t.me/c/2103576412/15/1288,Telegram,47:38.6,Doctutorials,Critical,Closed
ENT - Latest,https://t.me/c/2103576412/15/1289,Telegram,47:38.6,Doctutorials,Critical,Closed
ENT - Latest,https://t.me/c/2103576412/15/1290,Telegram,47:38.6,Doctutorials,Critical,Closed
ENT - Latest,https://t.me/c/2103576412/15/1291,Telegram,47:38.6,Doctutorials,Critical,Closed
ENT - Latest,https://t.me/c/2103576412/15/1292,Telegram,47:38.6,Doctutorials,Critical,Closed
ENT - Latest,https://t.me/c/2103576412/15/1293,Telegram,47:38.6,Doctutorials,Critical,Closed
ENT - Latest,https://t.me/c/2103576412/15/1294,Telegram,47:38.6,Doctutorials,Critical,Closed
ENT - Latest,https://t.me/c/2103576412/15/1295,Telegram,47:38.6,Doctutorials,Critical,Closed
ENT - Latest,https://t.me/c/2103576412/15/1296,Telegram,47:38.6,Doctutorials,Critical,Closed
ENT - Latest,https://t.me/c/2103576412/15/1297,Telegram,47:38.6,Doctutorials,Critical,Closed
ENT - Latest,https://t.me/c/2103576412/15/1298,Telegram,47:38.6,Doctutorials,Critical,Closed
ENT - Latest,https://t.me/c/2103576412/15/1299,Telegram,47:38.6,Doctutorials,Critical,Closed
ENT - Latest,https://t.me/c/2103576412/15/1300,Telegram,47:38.6,Doctutorials,Critical,Closed
ENT - Latest,https://t.me/c/2103576412/15/1301,Telegram,47:38.6,Doctutorials,Critical,Closed
ENT - Latest,https://t.me/c/2103576412/15/1302,Telegram,47:38.6,Doctutorials,Critical,Closed
ENT - Latest,https://t.me/c/2103576412/15/1303,Telegram,47:38.6,Doctutorials,Critical,Closed
ENT - Latest,https://t.me/c/2103576412/15/1304,Telegram,47:38.6,Doctutorials,Critical,Closed
ENT - Latest,https://t.me/c/2103576412/15/1305,Telegram,47:38.6,Doctutorials,Critical,Closed
ENT - Latest,https://t.me/c/2103576412/15/1306,Telegram,47:38.6,Doctutorials,Critical,Closed
ENT - Latest,https://t.me/c/2103576412/15/1307,Telegram,47:38.6,Doctutorials,Critical,Closed
ENT - Latest,https://t.me/c/2103576412/15/1308,Telegram,47:38.6,Doctutorials,Critical,Closed
ENT - Latest,https://t.me/c/2103576412/15/1309,Telegram,47:38.6,Doctutorials,Critical,Closed
ENT - Latest,https://t.me/c/2103576412/15/1310,Telegram,47:38.6,Doctutorials,Critical,Closed
ENT - Latest,https://t.me/c/2103576412/15/1311,Telegram,47:38.6,Doctutorials,Critical,Closed
ENT - Latest,https://t.me/c/2103576412/15/1312,Telegram,47:38.6,Doctutorials,Critical,Closed
ENT - Latest,https://t.me/c/2103576412/15/1313,Telegram,47:38.6,Doctutorials,Critical,Closed
ENT - Latest,https://t.me/c/2103576412/15/1314,Telegram,47:38.6,Doctutorials,Critical,Closed
ENT - Latest,https://t.me/c/2103576412/15/1315,Telegram,47:38.6,Doctutorials,Critical,Closed
ENT - Latest,https://t.me/c/2103576412/15/1316,Telegram,47:38.6,Doctutorials,Critical,Closed
ENT - Latest,https://t.me/c/2103576412/15/1317,Telegram,47:38.6,Doctutorials,Critical,Closed
ENT - Latest,https://t.me/c/2103576412/15/1318,Telegram,47:38.6,Doctutorials,Critical,Closed
ENT - Latest,https://t.me/c/2103576412/15/1319,Telegram,47:38.6,Doctutorials,Critical,Closed
ENT - Latest,https://t.me/c/2103576412/15/1320,Telegram,47:38.6,Doctutorials,Critical,Closed
ENT - Latest,https://t.me/c/2103576412/15/1321,Telegram,47:38.6,Doctutorials,Critical,Closed
ENT - Latest,https://t.me/c/2103576412/15/1322,Telegram,47:38.6,Doctutorials,Critical,Closed
ENT - Latest,https://t.me/c/2103576412/15/1323,Telegram,47:38.6,Doctutorials,Critical,Closed
ENT - Latest,https://t.me/c/2103576412/15/1324,Telegram,47:38.6,Doctutorials,Critical,Closed
ENT - Latest,https://t.me/c/2103576412/15/1325,Telegram,47:38.6,Doctutorials,Critical,Closed
ENT - Latest,https://t.me/c/2103576412/15/1326,Telegram,47:38.6,Doctutorials,Critical,Closed
ENT - Latest,https://t.me/c/2103576412/15/1327,Telegram,47:38.6,Doctutorials,Critical,Closed
ENT - Latest,https://t.me/c/2103576412/15/1328,Telegram,47:38.6,Doctutorials,Critical,Closed
ENT - Latest,https://t.me/c/2103576412/15/1329,Telegram,47:38.6,Doctutorials,Critical,Closed
ENT - Latest,https://t.me/c/2103576412/15/1330,Telegram,47:38.6,Doctutorials,Critical,Closed
ENT - Latest,https://t.me/c/2103576412/15/1331,Telegram,47:38.6,Doctutorials,Critical,Closed
ENT - Latest,https://t.me/c/2103576412/15/1332,Telegram,47:38.6,Doctutorials,Critical,Closed
ENT - Latest,https://t.me/c/2103576412/15/1333,Telegram,47:38.6,Doctutorials,Critical,Closed
ENT - Latest,https://t.me/c/2103576412/15/1334,Telegram,47:38.6,Doctutorials,Critical,Closed
ENT - Latest,https://t.me/c/2103576412/15/1335,Telegram,47:38.6,Doctutorials,Critical,Closed
ENT - Latest,https://t.me/c/2103576412/15/1336,Telegram,47:38.6,Doctutorials,Critical,Closed
ENT - Latest,https://t.me/c/2103576412/15/1337,Telegram,47:38.6,Doctutorials,Critical,Closed
ENT - Latest,https://t.me/c/2103576412/15/1338,Telegram,47:38.6,Doctutorials,Critical,Closed
Target Pg 720+,@Targetpg_bot,Telegram,47:38.6,Doctutorials,Critical,Closed
Doc tutuorials,Doc tutuorials,Telegram,47:38.6,Doctutorials,Critical,Closed
DocTutorials RRR Series,https://t.me/c/2110365406/82,Telegram,47:38.6,Doctutorials,Critical,Closed
DocTutorials RRR Series,https://t.me/c/2110365406/5,Telegram,47:38.6,Doctutorials,Critical,Closed
DocTutorials RRR Series,https://t.me/c/2110365406/6,Telegram,47:38.6,Doctutorials,Critical,Closed
DocTutorials RRR Series,https://t.me/c/2110365406/7,Telegram,47:38.6,Doctutorials,Critical,Closed
DocTutorials RRR Series,https://t.me/c/2110365406/8,Telegram,47:38.6,Doctutorials,Critical,Closed
DocTutorials RRR Series,https://t.me/c/2110365406/9,Telegram,47:38.6,Doctutorials,Critical,Closed
DocTutorials RRR Series,https://t.me/c/2110365406/10,Telegram,47:38.6,Doctutorials,Critical,Closed
DocTutorials RRR Series,https://t.me/c/2110365406/11,Telegram,47:38.6,Doctutorials,Critical,Closed
DocTutorials RRR Series,https://t.me/c/2110365406/12,Telegram,47:38.6,Doctutorials,Critical,Closed
DocTutorials RRR Series,https://t.me/c/2110365406/13,Telegram,47:38.6,Doctutorials,Critical,Closed
DocTutorials RRR Series,https://t.me/c/2110365406/14,Telegram,47:38.6,Doctutorials,Critical,Closed
DocTutorials RRR Series,https://t.me/c/2110365406/15,Telegram,47:38.6,Doctutorials,Critical,Closed
DocTutorials RRR Series,https://t.me/c/2110365406/16,Telegram,47:38.6,Doctutorials,Critical,Closed
DocTutorials RRR Series,https://t.me/c/2110365406/17,Telegram,47:38.6,Doctutorials,Critical,Closed
DocTutorials RRR Series,https://t.me/c/2110365406/18,Telegram,47:38.6,Doctutorials,Critical,Closed
DocTutorials RRR Series,https://t.me/c/2110365406/19,Telegram,47:38.6,Doctutorials,Critical,Closed
DocTutorials RRR Series,https://t.me/c/2110365406/20,Telegram,47:38.6,Doctutorials,Critical,Closed
DocTutorials RRR Series,https://t.me/c/2110365406/21,Telegram,47:38.6,Doctutorials,Critical,Closed
DocTutorials RRR Series,https://t.me/c/2110365406/22,Telegram,47:38.6,Doctutorials,Critical,Closed
DocTutorials RRR Series,https://t.me/c/2110365406/23,Telegram,47:38.6,Doctutorials,Critical,Closed
DocTutorials RRR Series,https://t.me/c/2110365406/24,Telegram,47:38.6,Doctutorials,Critical,Closed
DocTutorials RRR Series,https://t.me/c/2110365406/25,Telegram,47:38.6,Doctutorials,Critical,Closed
DocTutorials RRR Series,https://t.me/c/2110365406/26,Telegram,47:38.6,Doctutorials,Critical,Closed
DocTutorials RRR Series,https://t.me/c/2110365406/27,Telegram,47:38.6,Doctutorials,Critical,Closed
DocTutorials RRR Series,https://t.me/c/2110365406/28,Telegram,47:38.6,Doctutorials,Critical,Closed
DocTutorials RRR Series,https://t.me/c/2110365406/29,Telegram,47:38.6,Doctutorials,Critical,Closed
DocTutorials RRR Series,https://t.me/c/2110365406/30,Telegram,47:38.6,Doctutorials,Critical,Closed
DocTutorials RRR Series,https://t.me/c/2110365406/31,Telegram,47:38.6,Doctutorials,Critical,Closed
DocTutorials RRR Series,https://t.me/c/2110365406/32,Telegram,47:38.6,Doctutorials,Critical,Closed
DocTutorials RRR Series,https://t.me/c/2110365406/33,Telegram,47:38.6,Doctutorials,Critical,Closed
DocTutorials RRR Series,https://t.me/c/2110365406/34,Telegram,47:38.6,Doctutorials,Critical,Closed
DocTutorials RRR Series,https://t.me/c/2110365406/35,Telegram,47:38.6,Doctutorials,Critical,Closed
DocTutorials RRR Series,https://t.me/c/2110365406/36,Telegram,47:38.6,Doctutorials,Critical,Closed
DocTutorials RRR Series,https://t.me/c/2110365406/37,Telegram,47:38.6,Doctutorials,Critical,Closed
DocTutorials RRR Series,https://t.me/c/2110365406/38,Telegram,47:38.6,Doctutorials,Critical,Closed
DocTutorials RRR Series,https://t.me/c/2110365406/39,Telegram,47:38.6,Doctutorials,Critical,Closed
DocTutorials RRR Series,https://t.me/c/2110365406/40,Telegram,47:38.6,Doctutorials,Critical,Closed
DocTutorials RRR Series,https://t.me/c/2110365406/41,Telegram,47:38.6,Doctutorials,Critical,Closed
DocTutorials RRR Series,https://t.me/c/2110365406/42,Telegram,47:38.6,Doctutorials,Critical,Closed
DocTutorials RRR Series,https://t.me/c/2110365406/43,Telegram,47:38.6,Doctutorials,Critical,Closed
DocTutorials RRR Series,https://t.me/c/2110365406/44,Telegram,47:38.6,Doctutorials,Critical,Closed
DocTutorials RRR Series,https://t.me/c/2110365406/45,Telegram,47:38.6,Doctutorials,Critical,Closed
DocTutorials RRR Series,https://t.me/c/2110365406/46,Telegram,47:38.6,Doctutorials,Critical,Closed
DocTutorials RRR Series,https://t.me/c/2110365406/47,Telegram,47:38.6,Doctutorials,Critical,Closed
DocTutorials RRR Series,https://t.me/c/2110365406/48,Telegram,47:38.6,Doctutorials,Critical,Closed
DocTutorials RRR Series,https://t.me/c/2110365406/49,Telegram,47:38.6,Doctutorials,Critical,Closed
DocTutorials RRR Series,https://t.me/c/2110365406/50,Telegram,47:38.6,Doctutorials,Critical,Closed
DocTutorials RRR Series,https://t.me/c/2110365406/51,Telegram,47:38.6,Doctutorials,Critical,Closed
DocTutorials RRR Series,https://t.me/c/2110365406/52,Telegram,47:38.6,Doctutorials,Critical,Closed
DocTutorials RRR Series,https://t.me/c/2110365406/53,Telegram,47:38.6,Doctutorials,Critical,Closed
DocTutorials RRR Series,https://t.me/c/2110365406/54,Telegram,47:38.6,Doctutorials,Critical,Closed
DocTutorials RRR Series,https://t.me/c/2110365406/55,Telegram,47:38.6,Doctutorials,Critical,Closed
DocTutorials RRR Series,https://t.me/c/2110365406/56,Telegram,47:38.6,Doctutorials,Critical,Closed
DocTutorials RRR Series,https://t.me/c/2110365406/57,Telegram,47:38.6,Doctutorials,Critical,Closed
DocTutorials RRR Series,https://t.me/c/2110365406/58,Telegram,47:38.6,Doctutorials,Critical,Closed
DocTutorials RRR Series,https://t.me/c/2110365406/59,Telegram,47:38.6,Doctutorials,Critical,Closed
DocTutorials RRR Series,https://t.me/c/2110365406/60,Telegram,47:38.6,Doctutorials,Critical,Closed
DocTutorials RRR Series,https://t.me/c/2110365406/61,Telegram,47:38.6,Doctutorials,Critical,Closed
DocTutorials RRR Series,https://t.me/c/2110365406/62,Telegram,47:38.6,Doctutorials,Critical,Closed
DocTutorials RRR Series,https://t.me/c/2110365406/63,Telegram,47:38.6,Doctutorials,Critical,Closed
DocTutorials RRR Series,https://t.me/c/2110365406/64,Telegram,47:38.6,Doctutorials,Critical,Closed
DocTutorials RRR Series,https://t.me/c/2110365406/65,Telegram,47:38.6,Doctutorials,Critical,Closed
DocTutorials RRR Series,https://t.me/c/2110365406/66,Telegram,47:38.6,Doctutorials,Critical,Closed
DocTutorials RRR Series,https://t.me/c/2110365406/67,Telegram,47:38.6,Doctutorials,Critical,Closed
DocTutorials RRR Series,https://t.me/c/2110365406/68,Telegram,47:38.6,Doctutorials,Critical,Closed
DocTutorials RRR Series,https://t.me/c/2110365406/69,Telegram,47:38.6,Doctutorials,Critical,Closed
DocTutorials RRR Series,https://t.me/c/2110365406/70,Telegram,47:38.6,Doctutorials,Critical,Closed
DocTutorials RRR Series,https://t.me/c/2110365406/71,Telegram,47:38.6,Doctutorials,Critical,Closed
DocTutorials RRR Series,https://t.me/c/2110365406/72,Telegram,47:38.6,Doctutorials,Critical,Closed
DocTutorials RRR Series,https://t.me/c/2110365406/73,Telegram,47:38.6,Doctutorials,Critical,Closed
DocTutorials RRR Series,https://t.me/c/2110365406/74,Telegram,47:38.6,Doctutorials,Critical,Closed
DocTutorials RRR Series,https://t.me/c/2110365406/75,Telegram,47:38.6,Doctutorials,Critical,Closed
DocTutorials RRR Series,https://t.me/c/2110365406/76,Telegram,47:38.6,Doctutorials,Critical,Closed
DocTutorials RRR Series,https://t.me/c/2110365406/77,Telegram,47:38.6,Doctutorials,Critical,Closed
DocTutorials RRR Series,https://t.me/c/2110365406/78,Telegram,47:38.6,Doctutorials,Critical,Closed
DocTutorials RRR Series,https://t.me/c/2110365406/79,Telegram,47:38.6,Doctutorials,Critical,Closed
DocTutorials RRR Series,https://t.me/c/2110365406/80,Telegram,47:38.6,Doctutorials,Critical,Closed
DocTutorials RRR Series,https://t.me/c/2110365406/81,Telegram,47:38.6,Doctutorials,Critical,Closed
DocTutorials RRR Series,https://t.me/c/2110365406/4,Telegram,47:38.6,Doctutorials,Critical,Closed
Opthal - Rajarthana mam,https://t.me/c/2103576412/16/1159,Telegram,47:38.6,Doctutorials,Critical,Closed
Opthal - Rajarthana mam,https://t.me/c/2103576412/16/1160,Telegram,47:38.6,Doctutorials,Critical,Closed
Opthal - Rajarthana mam,https://t.me/c/2103576412/16/1161,Telegram,47:38.6,Doctutorials,Critical,Closed
Opthal - Rajarthana mam,https://t.me/c/2103576412/16/1162,Telegram,47:38.6,Doctutorials,Critical,Closed
Opthal - Rajarthana mam,https://t.me/c/2103576412/16/1163,Telegram,47:38.6,Doctutorials,Critical,Closed
Opthal - Rajarthana mam,https://t.me/c/2103576412/16/1164,Telegram,47:38.6,Doctutorials,Critical,Closed
Opthal - Rajarthana mam,https://t.me/c/2103576412/16/1165,Telegram,47:38.6,Doctutorials,Critical,Closed
Opthal - Rajarthana mam,https://t.me/c/2103576412/16/1166,Telegram,47:38.6,Doctutorials,Critical,Closed
Opthal - Rajarthana mam,https://t.me/c/2103576412/16/1167,Telegram,47:38.6,Doctutorials,Critical,Closed
Opthal - Rajarthana mam,https://t.me/c/2103576412/16/1168,Telegram,47:38.6,Doctutorials,Critical,Closed
Opthal - Rajarthana mam,https://t.me/c/2103576412/16/1169,Telegram,47:38.6,Doctutorials,Critical,Closed
Opthal - Rajarthana mam,https://t.me/c/2103576412/16/1170,Telegram,47:38.6,Doctutorials,Critical,Closed
Opthal - Rajarthana mam,https://t.me/c/2103576412/16/1171,Telegram,47:38.6,Doctutorials,Critical,Closed
Opthal - Rajarthana mam,https://t.me/c/2103576412/16/1172,Telegram,47:38.6,Doctutorials,Critical,Closed
Opthal - Rajarthana mam,https://t.me/c/2103576412/16/1173,Telegram,47:38.6,Doctutorials,Critical,Closed
Opthal - Rajarthana mam,https://t.me/c/2103576412/16/1174,Telegram,47:38.6,Doctutorials,Critical,Closed
Opthal - Rajarthana mam,https://t.me/c/2103576412/16/1175,Telegram,47:38.6,Doctutorials,Critical,Closed
Opthal - Rajarthana mam,https://t.me/c/2103576412/16/1176,Telegram,47:38.6,Doctutorials,Critical,Closed
Opthal - Rajarthana mam,https://t.me/c/2103576412/16/1177,Telegram,47:38.6,Doctutorials,Critical,Closed
Opthal - Rajarthana mam,https://t.me/c/2103576412/16/1178,Telegram,47:38.6,Doctutorials,Critical,Closed
Opthal - Rajarthana mam,https://t.me/c/2103576412/16/1179,Telegram,47:38.6,Doctutorials,Critical,Closed
Opthal - Rajarthana mam,https://t.me/c/2103576412/16/1180,Telegram,47:38.6,Doctutorials,Critical,Closed
Opthal - Rajarthana mam,https://t.me/c/2103576412/16/1181,Telegram,47:38.6,Doctutorials,Critical,Closed
Opthal - Rajarthana mam,https://t.me/c/2103576412/16/1182,Telegram,47:38.6,Doctutorials,Critical,Closed
Opthal - Rajarthana mam,https://t.me/c/2103576412/16/1183,Telegram,47:38.6,Doctutorials,Critical,Closed
Opthal - Rajarthana mam,https://t.me/c/2103576412/16/1184,Telegram,47:38.6,Doctutorials,Critical,Closed
Opthal - Rajarthana mam,https://t.me/c/2103576412/16/1185,Telegram,47:38.6,Doctutorials,Critical,Closed
Opthal - Rajarthana mam,https://t.me/c/2103576412/16/1186,Telegram,47:38.6,Doctutorials,Critical,Closed
Opthal - Rajarthana mam,https://t.me/c/2103576412/16/1187,Telegram,47:38.6,Doctutorials,Critical,Closed
Opthal - Rajarthana mam,https://t.me/c/2103576412/16/1188,Telegram,47:38.6,Doctutorials,Critical,Closed
Opthal - Rajarthana mam,https://t.me/c/2103576412/16/1189,Telegram,47:38.6,Doctutorials,Critical,Closed
Opthal - Rajarthana mam,https://t.me/c/2103576412/16/1190,Telegram,47:38.6,Doctutorials,Critical,Closed
Opthal - Rajarthana mam,https://t.me/c/2103576412/16/1191,Telegram,47:38.6,Doctutorials,Critical,Closed
Opthal - Rajarthana mam,https://t.me/c/2103576412/16/1192,Telegram,47:38.6,Doctutorials,Critical,Closed
Opthal - Rajarthana mam,https://t.me/c/2103576412/16/1193,Telegram,47:38.6,Doctutorials,Critical,Closed
Opthal - Rajarthana mam,https://t.me/c/2103576412/16/1194,Telegram,47:38.6,Doctutorials,Critical,Closed
Opthal - Rajarthana mam,https://t.me/c/2103576412/16/1195,Telegram,47:38.6,Doctutorials,Critical,Closed
Opthal - Rajarthana mam,https://t.me/c/2103576412/16/1196,Telegram,47:38.6,Doctutorials,Critical,Closed
Opthal - Rajarthana mam,https://t.me/c/2103576412/16/1197,Telegram,47:38.6,Doctutorials,Critical,Closed
Opthal - Rajarthana mam,https://t.me/c/2103576412/16/1198,Telegram,47:38.6,Doctutorials,Critical,Closed
Opthal - Rajarthana mam,https://t.me/c/2103576412/16/1199,Telegram,47:38.6,Doctutorials,Critical,Closed
Opthal - Rajarthana mam,https://t.me/c/2103576412/16/1200,Telegram,47:38.6,Doctutorials,Critical,Closed
Opthal - Rajarthana mam,https://t.me/c/2103576412/16/1201,Telegram,47:38.6,Doctutorials,Critical,Closed
Opthal - Rajarthana mam,https://t.me/c/2103576412/16/1202,Telegram,47:38.6,Doctutorials,Critical,Closed
Opthal - Rajarthana mam,https://t.me/c/2103576412/16/1203,Telegram,47:38.6,Doctutorials,Critical,Closed
Opthal - Rajarthana mam,https://t.me/c/2103576412/16/1204,Telegram,47:38.6,Doctutorials,Critical,Closed
Opthal - Rajarthana mam,https://t.me/c/2103576412/16/1205,Telegram,47:38.6,Doctutorials,Critical,Closed
Opthal - Rajarthana mam,https://t.me/c/2103576412/16/1206,Telegram,47:38.6,Doctutorials,Critical,Closed
Opthal - Rajarthana mam,https://t.me/c/2103576412/16/1207,Telegram,47:38.6,Doctutorials,Critical,Closed
Opthal - Rajarthana mam,https://t.me/c/2103576412/16/1208,Telegram,47:38.6,Doctutorials,Critical,Closed
Opthal - Rajarthana mam,https://t.me/c/2103576412/16/1209,Telegram,47:38.6,Doctutorials,Critical,Closed
Opthal - Rajarthana mam,https://t.me/c/2103576412/16/1210,Telegram,47:38.6,Doctutorials,Critical,Closed
Opthal - Rajarthana mam,https://t.me/c/2103576412/16/1211,Telegram,47:38.6,Doctutorials,Critical,Closed
Opthal - Rajarthana mam,https://t.me/c/2103576412/16/1212,Telegram,47:38.6,Doctutorials,Critical,Closed
Opthal - Rajarthana mam,https://t.me/c/2103576412/16/1213,Telegram,47:38.6,Doctutorials,Critical,Closed
Opthal - Rajarthana mam,https://t.me/c/2103576412/16/1214,Telegram,47:38.6,Doctutorials,Critical,Closed
Opthal - Rajarthana mam,https://t.me/c/2103576412/16/1215,Telegram,47:38.6,Doctutorials,Critical,Closed
Opthal - Rajarthana mam,https://t.me/c/2103576412/16/1216,Telegram,47:38.6,Doctutorials,Critical,Closed
Opthal - Rajarthana mam,https://t.me/c/2103576412/16/1217,Telegram,47:38.6,Doctutorials,Critical,Closed
Opthal - Rajarthana mam,https://t.me/c/2103576412/16/1218,Telegram,47:38.6,Doctutorials,Critical,Closed
Opthal - Rajarthana mam,https://t.me/c/2103576412/16/1219,Telegram,47:38.6,Doctutorials,Critical,Closed
Opthal - Rajarthana mam,https://t.me/c/2103576412/16/1220,Telegram,47:38.6,Doctutorials,Critical,Closed
Opthal - Rajarthana mam,https://t.me/c/2103576412/16/1221,Telegram,47:38.6,Doctutorials,Critical,Closed
Opthal - Rajarthana mam,https://t.me/c/2103576412/16/1222,Telegram,47:38.6,Doctutorials,Critical,Closed
Opthal - Rajarthana mam,https://t.me/c/2103576412/16/1223,Telegram,47:38.6,Doctutorials,Critical,Closed
Opthal - Rajarthana mam,https://t.me/c/2103576412/16/1224,Telegram,47:38.6,Doctutorials,Critical,Closed
Opthal - Rajarthana mam,https://t.me/c/2103576412/16/1225,Telegram,47:38.6,Doctutorials,Critical,Closed
Opthal - Rajarthana mam,https://t.me/c/2103576412/16/1226,Telegram,47:38.6,Doctutorials,Critical,Closed
Opthal - Rajarthana mam,https://t.me/c/2103576412/16/1227,Telegram,47:38.6,Doctutorials,Critical,Closed
Opthal - Rajarthana mam,https://t.me/c/2103576412/16/1228,Telegram,47:38.6,Doctutorials,Critical,Closed
Opthal - Rajarthana mam,https://t.me/c/2103576412/16/1229,Telegram,47:38.6,Doctutorials,Critical,Closed
Opthal - Rajarthana mam,https://t.me/c/2103576412/16/1230,Telegram,47:38.6,Doctutorials,Critical,Closed
Opthal - Rajarthana mam,https://t.me/c/2103576412/16/1231,Telegram,47:38.6,Doctutorials,Critical,Closed
Opthal - Rajarthana mam,https://t.me/c/2103576412/16/1232,Telegram,47:38.6,Doctutorials,Critical,Closed
Opthal - Rajarthana mam,https://t.me/c/2103576412/16/1233,Telegram,47:38.6,Doctutorials,Critical,Closed
Opthal - Rajarthana mam,https://t.me/c/2103576412/16/1234,Telegram,47:38.6,Doctutorials,Critical,Closed
Opthal - Rajarthana mam,https://t.me/c/2103576412/16/1235,Telegram,47:38.6,Doctutorials,Critical,Closed
Opthal - Rajarthana mam,https://t.me/c/2103576412/16/1236,Telegram,47:38.6,Doctutorials,Critical,Closed
Opthal - Rajarthana mam,https://t.me/c/2103576412/16/1237,Telegram,47:38.6,Doctutorials,Critical,Closed
Opthal - Rajarthana mam,https://t.me/c/2103576412/16/1238,Telegram,47:38.6,Doctutorials,Critical,Closed
Opthal - Rajarthana mam,https://t.me/c/2103576412/16/1239,Telegram,47:38.6,Doctutorials,Critical,Closed
Opthal - Rajarthana mam,https://t.me/c/2103576412/16/1240,Telegram,47:38.6,Doctutorials,Critical,Closed
Opthal - Rajarthana mam,https://t.me/c/2103576412/16/1241,Telegram,47:38.6,Doctutorials,Critical,Closed
Opthal - Rajarthana mam,https://t.me/c/2103576412/16/1242,Telegram,47:38.6,Doctutorials,Critical,Closed
Opthal - Rajarthana mam,https://t.me/c/2103576412/16/1243,Telegram,47:38.6,Doctutorials,Critical,Closed
Opthal - Rajarthana mam,https://t.me/c/2103576412/16/1244,Telegram,47:38.6,Doctutorials,Critical,Closed
Opthal - Rajarthana mam,https://t.me/c/2103576412/16/1245,Telegram,47:38.6,Doctutorials,Critical,Closed
Opthal - Rajarthana mam,https://t.me/c/2103576412/16/1246,Telegram,47:38.6,Doctutorials,Critical,Closed
O&G - Latest,https://t.me/c/2103576412/6,Telegram,47:38.6,Doctutorials,Critical,Closed
O&G - Latest,https://t.me/c/2103576412/6/225,Telegram,47:38.6,Doctutorials,Critical,Closed
Pharma - latest,https://t.me/c/2103576412/13/758,Telegram,47:38.6,Doctutorials,Critical,Closed
Pharma - latest,https://t.me/c/2103576412/13/759,Telegram,47:38.6,Doctutorials,Critical,Closed
Pharma - latest,https://t.me/c/2103576412/13/760,Telegram,47:38.6,Doctutorials,Critical,Closed
Pharma - latest,https://t.me/c/2103576412/13/761,Telegram,47:38.6,Doctutorials,Critical,Closed
Pharma - latest,https://t.me/c/2103576412/13/762,Telegram,47:38.6,Doctutorials,Critical,Closed
Pharma - latest,https://t.me/c/2103576412/13/763,Telegram,47:38.6,Doctutorials,Critical,Closed
Pharma - latest,https://t.me/c/2103576412/13/764,Telegram,47:38.6,Doctutorials,Critical,Closed
Pharma - latest,https://t.me/c/2103576412/13/765,Telegram,47:38.6,Doctutorials,Critical,Closed
Pharma - latest,https://t.me/c/2103576412/13/766,Telegram,47:38.6,Doctutorials,Critical,Closed
Pharma - latest,https://t.me/c/2103576412/13/767,Telegram,47:38.6,Doctutorials,Critical,Closed
Pharma - latest,https://t.me/c/2103576412/13/768,Telegram,47:38.6,Doctutorials,Critical,Closed
Pharma - latest,https://t.me/c/2103576412/13/769,Telegram,47:38.6,Doctutorials,Critical,Closed
Pharma - latest,https://t.me/c/2103576412/13/770,Telegram,47:38.6,Doctutorials,Critical,Closed
Pharma - latest,https://t.me/c/2103576412/13/771,Telegram,47:38.6,Doctutorials,Critical,Closed
Pharma - latest,https://t.me/c/2103576412/13/772,Telegram,47:38.6,Doctutorials,Critical,Closed
Pharma - latest,https://t.me/c/2103576412/13/773,Telegram,47:38.6,Doctutorials,Critical,Closed
Pharma - latest,https://t.me/c/2103576412/13/774,Telegram,47:38.6,Doctutorials,Critical,Closed
Pharma - latest,https://t.me/c/2103576412/13/775,Telegram,47:38.6,Doctutorials,Critical,Closed
Pharma - latest,https://t.me/c/2103576412/13/776,Telegram,47:38.6,Doctutorials,Critical,Closed
Pharma - latest,https://t.me/c/2103576412/13/777,Telegram,47:38.6,Doctutorials,Critical,Closed
Pharma - latest,https://t.me/c/2103576412/13/778,Telegram,47:38.6,Doctutorials,Critical,Closed
Pharma - latest,https://t.me/c/2103576412/13/779,Telegram,47:38.6,Doctutorials,Critical,Closed
Pharma - latest,https://t.me/c/2103576412/13/780,Telegram,47:38.6,Doctutorials,Critical,Closed
Pharma - latest,https://t.me/c/2103576412/13/781,Telegram,47:38.6,Doctutorials,Critical,Closed
Pharma - latest,https://t.me/c/2103576412/13/782,Telegram,47:38.6,Doctutorials,Critical,Closed
Pharma - latest,https://t.me/c/2103576412/13/783,Telegram,47:38.6,Doctutorials,Critical,Closed
Pharma - latest,https://t.me/c/2103576412/13/784,Telegram,47:38.6,Doctutorials,Critical,Closed
Pharma - latest,https://t.me/c/2103576412/13/785,Telegram,47:38.6,Doctutorials,Critical,Closed
Pharma - latest,https://t.me/c/2103576412/13/786,Telegram,47:38.6,Doctutorials,Critical,Closed
Pharma - latest,https://t.me/c/2103576412/13/787,Telegram,47:38.6,Doctutorials,Critical,Closed
Pharma - latest,https://t.me/c/2103576412/13/788,Telegram,47:38.6,Doctutorials,Critical,Closed
Pharma - latest,https://t.me/c/2103576412/13/789,Telegram,47:38.6,Doctutorials,Critical,Closed
Pharma - latest,https://t.me/c/2103576412/13/790,Telegram,47:38.6,Doctutorials,Critical,Closed
Pharma - latest,https://t.me/c/2103576412/13/791,Telegram,47:38.6,Doctutorials,Critical,Closed
Pharma - latest,https://t.me/c/2103576412/13/792,Telegram,47:38.6,Doctutorials,Critical,Closed
Pharma - latest,https://t.me/c/2103576412/13/793,Telegram,47:38.6,Doctutorials,Critical,Closed
Pharma - latest,https://t.me/c/2103576412/13/794,Telegram,47:38.6,Doctutorials,Critical,Closed
Pharma - latest,https://t.me/c/2103576412/13/795,Telegram,47:38.6,Doctutorials,Critical,Closed
Pharma - latest,https://t.me/c/2103576412/13/796,Telegram,47:38.6,Doctutorials,Critical,Closed
Pharma - latest,https://t.me/c/2103576412/13/797,Telegram,47:38.6,Doctutorials,Critical,Closed
Pharma - latest,https://t.me/c/2103576412/13/798,Telegram,47:38.6,Doctutorials,Critical,Closed
Pharma - latest,https://t.me/c/2103576412/13/799,Telegram,47:38.6,Doctutorials,Critical,Closed
Pharma - latest,https://t.me/c/2103576412/13/800,Telegram,47:38.6,Doctutorials,Critical,Closed
Pharma - latest,https://t.me/c/2103576412/13/801,Telegram,47:38.6,Doctutorials,Critical,Closed
Pharma - latest,https://t.me/c/2103576412/13/802,Telegram,47:38.6,Doctutorials,Critical,Closed
Pharma - latest,https://t.me/c/2103576412/13/803,Telegram,47:38.6,Doctutorials,Critical,Closed
Pharma - latest,https://t.me/c/2103576412/13/804,Telegram,47:38.6,Doctutorials,Critical,Closed
Pharma - latest,https://t.me/c/2103576412/13/805,Telegram,47:38.6,Doctutorials,Critical,Closed
Pharma - latest,https://t.me/c/2103576412/13/806,Telegram,47:38.6,Doctutorials,Critical,Closed
Pharma - latest,https://t.me/c/2103576412/13/807,Telegram,47:38.6,Doctutorials,Critical,Closed
Pharma - latest,https://t.me/c/2103576412/13/808,Telegram,47:38.6,Doctutorials,Critical,Closed
Pharma - latest,https://t.me/c/2103576412/13/809,Telegram,47:38.6,Doctutorials,Critical,Closed
Pharma - latest,https://t.me/c/2103576412/13/810,Telegram,47:38.6,Doctutorials,Critical,Closed
Pharma - latest,https://t.me/c/2103576412/13/811,Telegram,47:38.6,Doctutorials,Critical,Closed
Pharma - latest,https://t.me/c/2103576412/13/812,Telegram,47:38.6,Doctutorials,Critical,Closed
Pharma - latest,https://t.me/c/2103576412/13/813,Telegram,47:38.6,Doctutorials,Critical,Closed
Pharma - latest,https://t.me/c/2103576412/13/814,Telegram,47:38.6,Doctutorials,Critical,Closed
Pharma - latest,https://t.me/c/2103576412/13/815,Telegram,47:38.6,Doctutorials,Critical,Closed
Pharma - latest,https://t.me/c/2103576412/13/816,Telegram,47:38.6,Doctutorials,Critical,Closed
Pharma - latest,https://t.me/c/2103576412/13/817,Telegram,47:38.6,Doctutorials,Critical,Closed
Pharma - latest,https://t.me/c/2103576412/13/818,Telegram,47:38.6,Doctutorials,Critical,Closed
Pharma - latest,https://t.me/c/2103576412/13/819,Telegram,47:38.6,Doctutorials,Critical,Closed
Pharma - latest,https://t.me/c/2103576412/13/820,Telegram,47:38.6,Doctutorials,Critical,Closed
Pharma - latest,https://t.me/c/2103576412/13/821,Telegram,47:38.6,Doctutorials,Critical,Closed
Pharma - latest,https://t.me/c/2103576412/13/822,Telegram,47:38.6,Doctutorials,Critical,Closed
Pharma - latest,https://t.me/c/2103576412/13/823,Telegram,47:38.6,Doctutorials,Critical,Closed
Pharma - latest,https://t.me/c/2103576412/13/824,Telegram,47:38.6,Doctutorials,Critical,Closed
Pharma - latest,https://t.me/c/2103576412/13/825,Telegram,47:38.6,Doctutorials,Critical,Closed
Pharma - latest,https://t.me/c/2103576412/13/826,Telegram,47:38.6,Doctutorials,Critical,Closed
Pharma - latest,https://t.me/c/2103576412/13/827,Telegram,47:38.6,Doctutorials,Critical,Closed
Pharma - latest,https://t.me/c/2103576412/13/828,Telegram,47:38.6,Doctutorials,Critical,Closed
Pharma - latest,https://t.me/c/2103576412/13/829,Telegram,47:38.6,Doctutorials,Critical,Closed
Pharma - latest,https://t.me/c/2103576412/13/830,Telegram,47:38.6,Doctutorials,Critical,Closed
Pharma - latest,https://t.me/c/2103576412/13/831,Telegram,47:38.6,Doctutorials,Critical,Closed
Pharma - latest,https://t.me/c/2103576412/13/832,Telegram,47:38.6,Doctutorials,Critical,Closed
Pharma - latest,https://t.me/c/2103576412/13/833,Telegram,47:38.6,Doctutorials,Critical,Closed
Pharma - latest,https://t.me/c/2103576412/13/834,Telegram,47:38.6,Doctutorials,Critical,Closed
Pharma - latest,https://t.me/c/2103576412/13/835,Telegram,47:38.6,Doctutorials,Critical,Closed
Pharma - latest,https://t.me/c/2103576412/13/836,Telegram,47:38.6,Doctutorials,Critical,Closed
Pharma - latest,https://t.me/c/2103576412/13/837,Telegram,47:38.6,Doctutorials,Critical,Closed
Pharma - latest,https://t.me/c/2103576412/13/838,Telegram,47:38.6,Doctutorials,Critical,Closed
Pharma - latest,https://t.me/c/2103576412/13/839,Telegram,47:38.6,Doctutorials,Critical,Closed
Pharma - latest,https://t.me/c/2103576412/13/840,Telegram,47:38.6,Doctutorials,Critical,Closed
Pharma - latest,https://t.me/c/2103576412/13/841,Telegram,47:38.6,Doctutorials,Critical,Closed
Pharma - latest,https://t.me/c/2103576412/13/842,Telegram,47:38.6,Doctutorials,Critical,Closed
Pharma - latest,https://t.me/c/2103576412/13/843,Telegram,47:38.6,Doctutorials,Critical,Closed
Pharma - latest,https://t.me/c/2103576412/13/844,Telegram,47:38.6,Doctutorials,Critical,Closed
Pharma - latest,https://t.me/c/2103576412/13/845,Telegram,47:38.6,Doctutorials,Critical,Closed
Pharma - latest,https://t.me/c/2103576412/13/846,Telegram,47:38.6,Doctutorials,Critical,Closed
Pharma - latest,https://t.me/c/2103576412/13/847,Telegram,47:38.6,Doctutorials,Critical,Closed
Pharma - latest,https://t.me/c/2103576412/13/848,Telegram,47:38.6,Doctutorials,Critical,Closed
Pharma - latest,https://t.me/c/2103576412/13/849,Telegram,47:38.6,Doctutorials,Critical,Closed
Pharma - latest,https://t.me/c/2103576412/13/850,Telegram,47:38.6,Doctutorials,Critical,Closed
Pharma - latest,https://t.me/c/2103576412/13/851,Telegram,47:38.6,Doctutorials,Critical,Closed
Pharma - latest,https://t.me/c/2103576412/13/852,Telegram,47:38.6,Doctutorials,Critical,Closed
Pharma - latest,https://t.me/c/2103576412/13/853,Telegram,47:38.6,Doctutorials,Critical,Closed
Pharma - latest,https://t.me/c/2103576412/13/854,Telegram,47:38.6,Doctutorials,Critical,Closed
Pharma - latest,https://t.me/c/2103576412/13/855,Telegram,47:38.6,Doctutorials,Critical,Closed
Pharma - latest,https://t.me/c/2103576412/13/856,Telegram,47:38.6,Doctutorials,Critical,Closed
Pharma - latest,https://t.me/c/2103576412/13/857,Telegram,47:38.6,Doctutorials,Critical,Closed
Pharma - latest,https://t.me/c/2103576412/13/858,Telegram,47:38.6,Doctutorials,Critical,Closed
Pharma - latest,https://t.me/c/2103576412/13/859,Telegram,47:38.6,Doctutorials,Critical,Closed
Pharma - latest,https://t.me/c/2103576412/13/860,Telegram,47:38.6,Doctutorials,Critical,Closed
Pharma - latest,https://t.me/c/2103576412/13/861,Telegram,47:38.6,Doctutorials,Critical,Closed
Pharma - latest,https://t.me/c/2103576412/13/862,Telegram,47:38.6,Doctutorials,Critical,Closed
Pharma - latest,https://t.me/c/2103576412/13/863,Telegram,47:38.6,Doctutorials,Critical,Closed
Pharma - latest,https://t.me/c/2103576412/13/864,Telegram,47:38.6,Doctutorials,Critical,Closed
Pharma - latest,https://t.me/c/2103576412/13/865,Telegram,47:38.6,Doctutorials,Critical,Closed
Pharma - latest,https://t.me/c/2103576412/13/866,Telegram,47:38.6,Doctutorials,Critical,Closed
Pharma - latest,https://t.me/c/2103576412/13/867,Telegram,47:38.6,Doctutorials,Critical,Closed
Pharma - latest,https://t.me/c/2103576412/13/868,Telegram,47:38.6,Doctutorials,Critical,Closed
Pharma - latest,https://t.me/c/2103576412/13/869,Telegram,47:38.6,Doctutorials,Critical,Closed
Pharma - latest,https://t.me/c/2103576412/13/870,Telegram,47:38.6,Doctutorials,Critical,Closed
Pharma - latest,https://t.me/c/2103576412/13/871,Telegram,47:38.6,Doctutorials,Critical,Closed
Pharma - latest,https://t.me/c/2103576412/13/872,Telegram,47:38.6,Doctutorials,Critical,Closed
Pharma - latest,https://t.me/c/2103576412/13/873,Telegram,47:38.6,Doctutorials,Critical,Closed
Pharma - latest,https://t.me/c/2103576412/13/874,Telegram,47:38.6,Doctutorials,Critical,Closed
Pharma - latest,https://t.me/c/2103576412/13/875,Telegram,47:38.6,Doctutorials,Critical,Closed
Pharma - latest,https://t.me/c/2103576412/13/876,Telegram,47:38.6,Doctutorials,Critical,Closed
Pharma - latest,https://t.me/c/2103576412/13/877,Telegram,47:38.6,Doctutorials,Critical,Closed
Pharma - latest,https://t.me/c/2103576412/13/878,Telegram,47:38.6,Doctutorials,Critical,Closed
Pharma - latest,https://t.me/c/2103576412/13/879,Telegram,47:38.6,Doctutorials,Critical,Closed
Pharma - latest,https://t.me/c/2103576412/13/880,Telegram,47:38.6,Doctutorials,Critical,Closed
Pharma - latest,https://t.me/c/2103576412/13/881,Telegram,47:38.6,Doctutorials,Critical,Closed
Pharma - latest,https://t.me/c/2103576412/13/882,Telegram,47:38.6,Doctutorials,Critical,Closed
Pharma - latest,https://t.me/c/2103576412/13/883,Telegram,47:38.6,Doctutorials,Critical,Closed
Pharma - latest,https://t.me/c/2103576412/13/884,Telegram,47:38.6,Doctutorials,Critical,Closed
Pharma - latest,https://t.me/c/2103576412/13/885,Telegram,47:38.6,Doctutorials,Critical,Closed
Pharma - latest,https://t.me/c/2103576412/13/886,Telegram,47:38.6,Doctutorials,Critical,Closed
Pharma - latest,https://t.me/c/2103576412/13/887,Telegram,47:38.6,Doctutorials,Critical,Closed
Pharma - latest,https://t.me/c/2103576412/13/888,Telegram,47:38.6,Doctutorials,Critical,Closed
Pharma - latest,https://t.me/c/2103576412/13/889,Telegram,47:38.6,Doctutorials,Critical,Closed
Pharma - latest,https://t.me/c/2103576412/13/890,Telegram,47:38.6,Doctutorials,Critical,Closed
Pharma - latest,https://t.me/c/2103576412/13/891,Telegram,47:38.6,Doctutorials,Critical,Closed
Pharma - latest,https://t.me/c/2103576412/13/892,Telegram,47:38.6,Doctutorials,Critical,Closed
Pharma - latest,https://t.me/c/2103576412/13/893,Telegram,47:38.6,Doctutorials,Critical,Closed
Pharma - latest,https://t.me/c/2103576412/13/894,Telegram,47:38.6,Doctutorials,Critical,Closed
Pharma - latest,https://t.me/c/2103576412/13/895,Telegram,47:38.6,Doctutorials,Critical,Closed
Pharma - latest,https://t.me/c/2103576412/13/896,Telegram,47:38.6,Doctutorials,Critical,Closed
Pharma - latest,https://t.me/c/2103576412/13/897,Telegram,47:38.6,Doctutorials,Critical,Closed
Pharma - latest,https://t.me/c/2103576412/13/898,Telegram,47:38.6,Doctutorials,Critical,Closed
Pharma - latest,https://t.me/c/2103576412/13/899,Telegram,47:38.6,Doctutorials,Critical,Closed
Pharma - latest,https://t.me/c/2103576412/13/900,Telegram,47:38.6,Doctutorials,Critical,Closed
Pharma - latest,https://t.me/c/2103576412/13/901,Telegram,47:38.6,Doctutorials,Critical,Closed
Pharma - latest,https://t.me/c/2103576412/13/902,Telegram,47:38.6,Doctutorials,Critical,Closed
FMT - Latest,https://t.me/c/2103576412/14/1085,Telegram,47:38.6,Doctutorials,Critical,Closed
FMT - Latest,https://t.me/c/2103576412/14/1086,Telegram,47:38.6,Doctutorials,Critical,Closed
FMT - Latest,https://t.me/c/2103576412/14/1087,Telegram,47:38.6,Doctutorials,Critical,Closed
FMT - Latest,https://t.me/c/2103576412/14/1088,Telegram,47:38.6,Doctutorials,Critical,Closed
FMT - Latest,https://t.me/c/2103576412/14/1089,Telegram,47:38.6,Doctutorials,Critical,Closed
FMT - Latest,https://t.me/c/2103576412/14/1090,Telegram,47:38.6,Doctutorials,Critical,Closed
FMT - Latest,https://t.me/c/2103576412/14/1091,Telegram,47:38.6,Doctutorials,Critical,Closed
FMT - Latest,https://t.me/c/2103576412/14/1092,Telegram,47:38.6,Doctutorials,Critical,Closed
FMT - Latest,https://t.me/c/2103576412/14/1093,Telegram,47:38.6,Doctutorials,Critical,Closed
FMT - Latest,https://t.me/c/2103576412/14/1094,Telegram,47:38.6,Doctutorials,Critical,Closed
FMT - Latest,https://t.me/c/2103576412/14/1095,Telegram,47:38.6,Doctutorials,Critical,Closed
FMT - Latest,https://t.me/c/2103576412/14/1096,Telegram,47:38.6,Doctutorials,Critical,Closed
FMT - Latest,https://t.me/c/2103576412/14/1097,Telegram,47:38.6,Doctutorials,Critical,Closed
FMT - Latest,https://t.me/c/2103576412/14/1098,Telegram,47:38.6,Doctutorials,Critical,Closed
FMT - Latest,https://t.me/c/2103576412/14/1099,Telegram,47:38.6,Doctutorials,Critical,Closed
FMT - Latest,https://t.me/c/2103576412/14/1100,Telegram,47:38.6,Doctutorials,Critical,Closed
FMT - Latest,https://t.me/c/2103576412/14/1101,Telegram,47:38.6,Doctutorials,Critical,Closed
FMT - Latest,https://t.me/c/2103576412/14/1102,Telegram,47:38.6,Doctutorials,Critical,Closed
FMT - Latest,https://t.me/c/2103576412/14/1103,Telegram,47:38.6,Doctutorials,Critical,Closed
FMT - Latest,https://t.me/c/2103576412/14/1104,Telegram,47:38.6,Doctutorials,Critical,Closed
FMT - Latest,https://t.me/c/2103576412/14/1105,Telegram,47:38.6,Doctutorials,Critical,Closed
FMT - Latest,https://t.me/c/2103576412/14/1106,Telegram,47:38.6,Doctutorials,Critical,Closed
FMT - Latest,https://t.me/c/2103576412/14/1107,Telegram,47:38.6,Doctutorials,Critical,Closed
FMT - Latest,https://t.me/c/2103576412/14/1108,Telegram,47:38.6,Doctutorials,Critical,Closed
FMT - Latest,https://t.me/c/2103576412/14/1109,Telegram,47:38.6,Doctutorials,Critical,Closed
FMT - Latest,https://t.me/c/2103576412/14/1110,Telegram,47:38.6,Doctutorials,Critical,Closed
FMT - Latest,https://t.me/c/2103576412/14/1111,Telegram,47:38.6,Doctutorials,Critical,Closed
FMT - Latest,https://t.me/c/2103576412/14/1112,Telegram,47:38.6,Doctutorials,Critical,Closed
FMT - Latest,https://t.me/c/2103576412/14/1113,Telegram,47:38.6,Doctutorials,Critical,Closed
FMT - Latest,https://t.me/c/2103576412/14/1114,Telegram,47:38.6,Doctutorials,Critical,Closed
FMT - Latest,https://t.me/c/2103576412/14/1115,Telegram,47:38.6,Doctutorials,Critical,Closed
FMT - Latest,https://t.me/c/2103576412/14/1116,Telegram,47:38.6,Doctutorials,Critical,Closed
FMT - Latest,https://t.me/c/2103576412/14/1117,Telegram,47:38.6,Doctutorials,Critical,Closed
FMT - Latest,https://t.me/c/2103576412/14/1118,Telegram,47:38.6,Doctutorials,Critical,Closed
FMT - Latest,https://t.me/c/2103576412/14/1119,Telegram,47:38.6,Doctutorials,Critical,Closed
FMT - Latest,https://t.me/c/2103576412/14/1120,Telegram,47:38.6,Doctutorials,Critical,Closed
FMT - Latest,https://t.me/c/2103576412/14/1121,Telegram,47:38.6,Doctutorials,Critical,Closed
FMT - Latest,https://t.me/c/2103576412/14/1122,Telegram,47:38.6,Doctutorials,Critical,Closed
FMT - Latest,https://t.me/c/2103576412/14/1123,Telegram,47:38.6,Doctutorials,Critical,Closed
FMT - Latest,https://t.me/c/2103576412/14/1124,Telegram,47:38.6,Doctutorials,Critical,Closed
FMT - Latest,https://t.me/c/2103576412/14/1125,Telegram,47:38.6,Doctutorials,Critical,Closed
FMT - Latest,https://t.me/c/2103576412/14/1126,Telegram,47:38.6,Doctutorials,Critical,Closed
FMT - Latest,https://t.me/c/2103576412/14/1127,Telegram,47:38.6,Doctutorials,Critical,Closed
FMT - Latest,https://t.me/c/2103576412/14/1128,Telegram,47:38.6,Doctutorials,Critical,Closed
FMT - Latest,https://t.me/c/2103576412/14/1129,Telegram,47:38.6,Doctutorials,Critical,Closed
FMT - Latest,https://t.me/c/2103576412/14/1130,Telegram,47:38.6,Doctutorials,Critical,Closed
FMT - Latest,https://t.me/c/2103576412/14/1131,Telegram,47:38.6,Doctutorials,Critical,Closed
FMT - Latest,https://t.me/c/2103576412/14/1132,Telegram,47:38.6,Doctutorials,Critical,Closed
FMT - Latest,https://t.me/c/2103576412/14/1133,Telegram,47:38.6,Doctutorials,Critical,Closed
FMT - Latest,https://t.me/c/2103576412/14/1134,Telegram,47:38.6,Doctutorials,Critical,Closed
FMT - Latest,https://t.me/c/2103576412/14/1135,Telegram,47:38.6,Doctutorials,Critical,Closed
FMT - Latest,https://t.me/c/2103576412/14/1136,Telegram,47:38.6,Doctutorials,Critical,Closed
FMT - Latest,https://t.me/c/2103576412/14/1137,Telegram,47:38.6,Doctutorials,Critical,Closed
FMT - Latest,https://t.me/c/2103576412/14/1138,Telegram,47:38.6,Doctutorials,Critical,Closed
FMT - Latest,https://t.me/c/2103576412/14/1139,Telegram,47:38.6,Doctutorials,Critical,Closed
FMT - Latest,https://t.me/c/2103576412/14/1140,Telegram,47:38.6,Doctutorials,Critical,Closed
FMT - Latest,https://t.me/c/2103576412/14/1141,Telegram,47:38.6,Doctutorials,Critical,Closed
FMT - Latest,https://t.me/c/2103576412/14/1142,Telegram,47:38.6,Doctutorials,Critical,Closed
FMT - Latest,https://t.me/c/2103576412/14/1143,Telegram,47:38.6,Doctutorials,Critical,Closed
FMT - Latest,https://t.me/c/2103576412/14/1144,Telegram,47:38.6,Doctutorials,Critical,Closed
FMT - Latest,https://t.me/c/2103576412/14/1145,Telegram,47:38.6,Doctutorials,Critical,Closed
FMT - Latest,https://t.me/c/2103576412/14/1146,Telegram,47:38.6,Doctutorials,Critical,Closed
FMT - Latest,https://t.me/c/2103576412/14/1147,Telegram,47:38.6,Doctutorials,Critical,Closed
FMT - Latest,https://t.me/c/2103576412/14/1148,Telegram,47:38.6,Doctutorials,Critical,Closed
FMT - Latest,https://t.me/c/2103576412/14/1149,Telegram,47:38.6,Doctutorials,Critical,Closed
FMT - Latest,https://t.me/c/2103576412/14/1150,Telegram,47:38.6,Doctutorials,Critical,Closed
FMT - Latest,https://t.me/c/2103576412/14/1151,Telegram,47:38.6,Doctutorials,Critical,Closed
psychiatry lastest unarranged,https://t.me/c/2103576412/4348/4349,Telegram,47:38.6,Doctutorials,Critical,Closed
psychiatry lastest unarranged,https://t.me/c/2103576412/4348/4350,Telegram,47:38.6,Doctutorials,Critical,Closed
psychiatry lastest unarranged,https://t.me/c/2103576412/4348/4351,Telegram,47:38.6,Doctutorials,Critical,Closed
psychiatry lastest unarranged,https://t.me/c/2103576412/4348/4352,Telegram,47:38.6,Doctutorials,Critical,Closed
psychiatry lastest unarranged,https://t.me/c/2103576412/4348/4353,Telegram,47:38.6,Doctutorials,Critical,Closed
psychiatry lastest unarranged,https://t.me/c/2103576412/4348/4354,Telegram,47:38.6,Doctutorials,Critical,Closed
psychiatry lastest unarranged,https://t.me/c/2103576412/4348/4355,Telegram,47:38.6,Doctutorials,Critical,Closed
psychiatry lastest unarranged,https://t.me/c/2103576412/4348/4356,Telegram,47:38.6,Doctutorials,Critical,Closed
psychiatry lastest unarranged,https://t.me/c/2103576412/4348/4357,Telegram,47:38.6,Doctutorials,Critical,Closed
psychiatry lastest unarranged,https://t.me/c/2103576412/4348/4358,Telegram,47:38.6,Doctutorials,Critical,Closed
psychiatry lastest unarranged,https://t.me/c/2103576412/4348/4359,Telegram,47:38.6,Doctutorials,Critical,Closed
psychiatry lastest unarranged,https://t.me/c/2103576412/4348/4360,Telegram,47:38.6,Doctutorials,Critical,Closed
psychiatry lastest unarranged,https://t.me/c/2103576412/4348/4361,Telegram,47:38.6,Doctutorials,Critical,Closed
psychiatry lastest unarranged,https://t.me/c/2103576412/4348/4362,Telegram,47:38.6,Doctutorials,Critical,Closed
psychiatry lastest unarranged,https://t.me/c/2103576412/4348/4363,Telegram,47:38.6,Doctutorials,Critical,Closed
psychiatry lastest unarranged,https://t.me/c/2103576412/4348/4364,Telegram,47:38.6,Doctutorials,Critical,Closed
psychiatry lastest unarranged,https://t.me/c/2103576412/4348/4365,Telegram,47:38.6,Doctutorials,Critical,Closed
psychiatry lastest unarranged,https://t.me/c/2103576412/4348/4366,Telegram,47:38.6,Doctutorials,Critical,Closed
psychiatry lastest unarranged,https://t.me/c/2103576412/4348/4367,Telegram,47:38.6,Doctutorials,Critical,Closed
psychiatry lastest unarranged,https://t.me/c/2103576412/4348/4368,Telegram,47:38.6,Doctutorials,Critical,Closed
psychiatry lastest unarranged,https://t.me/c/2103576412/4348/4369,Telegram,47:38.6,Doctutorials,Critical,Closed
psychiatry lastest unarranged,https://t.me/c/2103576412/4348/4370,Telegram,47:38.6,Doctutorials,Critical,Closed
psychiatry lastest unarranged,https://t.me/c/2103576412/4348/4371,Telegram,47:38.6,Doctutorials,Critical,Closed
psychiatry lastest unarranged,https://t.me/c/2103576412/4348/4372,Telegram,47:38.6,Doctutorials,Critical,Closed
psychiatry lastest unarranged,https://t.me/c/2103576412/4348/4373,Telegram,47:38.6,Doctutorials,Critical,Closed
psychiatry lastest unarranged,https://t.me/c/2103576412/4348/4374,Telegram,47:38.6,Doctutorials,Critical,Closed
psychiatry lastest unarranged,https://t.me/c/2103576412/4348/4375,Telegram,47:38.6,Doctutorials,Critical,Closed
psychiatry lastest unarranged,https://t.me/c/2103576412/4348/4376,Telegram,47:38.6,Doctutorials,Critical,Closed
psychiatry lastest unarranged,https://t.me/c/2103576412/4348/4377,Telegram,47:38.6,Doctutorials,Critical,Closed
psychiatry lastest unarranged,https://t.me/c/2103576412/4348/4378,Telegram,47:38.6,Doctutorials,Critical,Closed
psychiatry lastest unarranged,https://t.me/c/2103576412/4348/4379,Telegram,47:38.6,Doctutorials,Critical,Closed
psychiatry lastest unarranged,https://t.me/c/2103576412/4348/4380,Telegram,47:38.6,Doctutorials,Critical,Closed
psychiatry lastest unarranged,https://t.me/c/2103576412/4348/4381,Telegram,47:38.6,Doctutorials,Critical,Closed
psychiatry lastest unarranged,https://t.me/c/2103576412/4348/4382,Telegram,47:38.6,Doctutorials,Critical,Closed
psychiatry lastest unarranged,https://t.me/c/2103576412/4348/4383,Telegram,47:38.6,Doctutorials,Critical,Closed
psychiatry lastest unarranged,https://t.me/c/2103576412/4348/4384,Telegram,47:38.6,Doctutorials,Critical,Closed
psychiatry lastest unarranged,https://t.me/c/2103576412/4348/4385,Telegram,47:38.6,Doctutorials,Critical,Closed
psychiatry lastest unarranged,https://t.me/c/2103576412/4348/4386,Telegram,47:38.6,Doctutorials,Critical,Closed
psychiatry lastest unarranged,https://t.me/c/2103576412/4348/4387,Telegram,47:38.6,Doctutorials,Critical,Closed
psychiatry lastest unarranged,https://t.me/c/2103576412/4348/4388,Telegram,47:38.6,Doctutorials,Critical,Closed
psychiatry lastest unarranged,https://t.me/c/2103576412/4348/4389,Telegram,47:38.6,Doctutorials,Critical,Closed
psychiatry lastest unarranged,https://t.me/c/2103576412/4348/4390,Telegram,47:38.6,Doctutorials,Critical,Closed
psychiatry lastest unarranged,https://t.me/c/2103576412/4348/4391,Telegram,47:38.6,Doctutorials,Critical,Closed
psychiatry lastest unarranged,https://t.me/c/2103576412/4348/4392,Telegram,47:38.6,Doctutorials,Critical,Closed
psychiatry lastest unarranged,https://t.me/c/2103576412/4348/4393,Telegram,47:38.6,Doctutorials,Critical,Closed
psychiatry lastest unarranged,https://t.me/c/2103576412/4348/4394,Telegram,47:38.6,Doctutorials,Critical,Closed
psychiatry lastest unarranged,https://t.me/c/2103576412/4348/4395,Telegram,47:38.6,Doctutorials,Critical,Closed
psychiatry lastest unarranged,https://t.me/c/2103576412/4348/4396,Telegram,47:38.6,Doctutorials,Critical,Closed
psychiatry lastest unarranged,https://t.me/c/2103576412/4348/4397,Telegram,47:38.6,Doctutorials,Critical,Closed
psychiatry lastest unarranged,https://t.me/c/2103576412/4348/4398,Telegram,47:38.6,Doctutorials,Critical,Closed
psychiatry lastest unarranged,https://t.me/c/2103576412/4348/4399,Telegram,47:38.6,Doctutorials,Critical,Closed
psychiatry lastest unarranged,https://t.me/c/2103576412/4348/4400,Telegram,47:38.6,Doctutorials,Critical,Closed
psychiatry lastest unarranged,https://t.me/c/2103576412/4348/4401,Telegram,47:38.6,Doctutorials,Critical,Closed
psychiatry lastest unarranged,https://t.me/c/2103576412/4348/4402,Telegram,47:38.6,Doctutorials,Critical,Closed
psychiatry lastest unarranged,https://t.me/c/2103576412/4348/4403,Telegram,47:38.6,Doctutorials,Critical,Closed
psychiatry lastest unarranged,https://t.me/c/2103576412/4348/4404,Telegram,47:38.6,Doctutorials,Critical,Closed
psychiatry lastest unarranged,https://t.me/c/2103576412/4348/4405,Telegram,47:38.6,Doctutorials,Critical,Closed
psychiatry lastest unarranged,https://t.me/c/2103576412/4348/4406,Telegram,47:38.6,Doctutorials,Critical,Closed
psychiatry lastest unarranged,https://t.me/c/2103576412/4348/4407,Telegram,47:38.6,Doctutorials,Critical,Closed
psychiatry lastest unarranged,https://t.me/c/2103576412/4348/4408,Telegram,47:38.6,Doctutorials,Critical,Closed
psychiatry lastest unarranged,https://t.me/c/2103576412/4348/4409,Telegram,47:38.6,Doctutorials,Critical,Closed
psychiatry lastest unarranged,https://t.me/c/2103576412/4348/4410,Telegram,47:38.6,Doctutorials,Critical,Closed
psychiatry lastest unarranged,https://t.me/c/2103576412/4348/4411,Telegram,47:38.6,Doctutorials,Critical,Closed
psychiatry lastest unarranged,https://t.me/c/2103576412/4348/4412,Telegram,47:38.6,Doctutorials,Critical,Closed
psychiatry lastest unarranged,https://t.me/c/2103576412/4348/4413,Telegram,47:38.6,Doctutorials,Critical,Closed
psychiatry lastest unarranged,https://t.me/c/2103576412/4348/4414,Telegram,47:38.6,Doctutorials,Critical,Closed
psychiatry lastest unarranged,https://t.me/c/2103576412/4348/4415,Telegram,47:38.6,Doctutorials,Critical,Closed
psychiatry lastest unarranged,https://t.me/c/2103576412/4348/4416,Telegram,47:38.6,Doctutorials,Critical,Closed
psychiatry lastest unarranged,https://t.me/c/2103576412/4348/4417,Telegram,47:38.6,Doctutorials,Critical,Closed
psychiatry lastest unarranged,https://t.me/c/2103576412/4348/4418,Telegram,47:38.6,Doctutorials,Critical,Closed
psychiatry lastest unarranged,https://t.me/c/2103576412/4348/4419,Telegram,47:38.6,Doctutorials,Critical,Closed
psychiatry lastest unarranged,https://t.me/c/2103576412/4348/4420,Telegram,47:38.6,Doctutorials,Critical,Closed
psychiatry lastest unarranged,https://t.me/c/2103576412/4348/4421,Telegram,47:38.6,Doctutorials,Critical,Closed
psychiatry lastest unarranged,https://t.me/c/2103576412/4348/4422,Telegram,47:38.6,Doctutorials,Critical,Closed
psychiatry lastest unarranged,https://t.me/c/2103576412/4348/4423,Telegram,47:38.6,Doctutorials,Critical,Closed
psychiatry lastest unarranged,https://t.me/c/2103576412/4348/4424,Telegram,47:38.6,Doctutorials,Critical,Closed
psychiatry lastest unarranged,https://t.me/c/2103576412/4348/4425,Telegram,47:38.6,Doctutorials,Critical,Closed
psychiatry lastest unarranged,https://t.me/c/2103576412/4348/4426,Telegram,47:38.6,Doctutorials,Critical,Closed
psychiatry lastest unarranged,https://t.me/c/2103576412/4348/4427,Telegram,47:38.6,Doctutorials,Critical,Closed
psychiatry lastest unarranged,https://t.me/c/2103576412/4348/4428,Telegram,47:38.6,Doctutorials,Critical,Closed
psychiatry lastest unarranged,https://t.me/c/2103576412/4348/4429,Telegram,47:38.6,Doctutorials,Critical,Closed
psychiatry lastest unarranged,https://t.me/c/2103576412/4348/4430,Telegram,47:38.6,Doctutorials,Critical,Closed
psychiatry lastest unarranged,https://t.me/c/2103576412/4348/4431,Telegram,47:38.6,Doctutorials,Critical,Closed
psychiatry lastest unarranged,https://t.me/c/2103576412/4348/4432,Telegram,47:38.6,Doctutorials,Critical,Closed
psychiatry lastest unarranged,https://t.me/c/2103576412/4348/4433,Telegram,47:38.6,Doctutorials,Critical,Closed
psychiatry lastest unarranged,https://t.me/c/2103576412/4348/4434,Telegram,47:38.6,Doctutorials,Critical,Closed
psychiatry lastest unarranged,https://t.me/c/2103576412/4348/4435,Telegram,47:38.6,Doctutorials,Critical,Closed
psychiatry lastest unarranged,https://t.me/c/2103576412/4348/4436,Telegram,47:38.6,Doctutorials,Critical,Closed
psychiatry lastest unarranged,https://t.me/c/2103576412/4348/4437,Telegram,47:38.6,Doctutorials,Critical,Closed
psychiatry lastest unarranged,https://t.me/c/2103576412/4348/4438,Telegram,47:38.6,Doctutorials,Critical,Closed
psychiatry lastest unarranged,https://t.me/c/2103576412/4348/4439,Telegram,47:38.6,Doctutorials,Critical,Closed
psychiatry lastest unarranged,https://t.me/c/2103576412/4348/4440,Telegram,47:38.6,Doctutorials,Critical,Closed
psychiatry lastest unarranged,https://t.me/c/2103576412/4348/4441,Telegram,47:38.6,Doctutorials,Critical,Closed
psychiatry lastest unarranged,https://t.me/c/2103576412/4348/4442,Telegram,47:38.6,Doctutorials,Critical,Closed
psychiatry lastest unarranged,https://t.me/c/2103576412/4348/4443,Telegram,47:38.6,Doctutorials,Critical,Closed
psychiatry lastest unarranged,https://t.me/c/2103576412/4348/4444,Telegram,47:38.6,Doctutorials,Critical,Closed
psychiatry lastest unarranged,https://t.me/c/2103576412/4348/4445,Telegram,47:38.6,Doctutorials,Critical,Closed
psychiatry lastest unarranged,https://t.me/c/2103576412/4348/4446,Telegram,47:38.6,Doctutorials,Critical,Closed
psychiatry lastest unarranged,https://t.me/c/2103576412/4348/4447,Telegram,47:38.6,Doctutorials,Critical,Closed
psychiatry lastest unarranged,https://t.me/c/2103576412/4348/4448,Telegram,47:38.6,Doctutorials,Critical,Closed
psychiatry lastest unarranged,https://t.me/c/2103576412/4348/4449,Telegram,47:38.6,Doctutorials,Critical,Closed
psychiatry lastest unarranged,https://t.me/c/2103576412/4348/4450,Telegram,47:38.6,Doctutorials,Critical,Closed
psychiatry lastest unarranged,https://t.me/c/2103576412/4348/4451,Telegram,47:38.6,Doctutorials,Critical,Closed
psychiatry lastest unarranged,https://t.me/c/2103576412/4348/4452,Telegram,47:38.6,Doctutorials,Critical,Closed
psychiatry lastest unarranged,https://t.me/c/2103576412/4348/4453,Telegram,47:38.6,Doctutorials,Critical,Closed
psychiatry lastest unarranged,https://t.me/c/2103576412/4348/4454,Telegram,47:38.6,Doctutorials,Critical,Closed
psychiatry lastest unarranged,https://t.me/c/2103576412/4348/4455,Telegram,47:38.6,Doctutorials,Critical,Closed
psychiatry lastest unarranged,https://t.me/c/2103576412/4348/4456,Telegram,47:38.6,Doctutorials,Critical,Closed
psychiatry lastest unarranged,https://t.me/c/2103576412/4348/4457,Telegram,47:38.6,Doctutorials,Critical,Closed
psychiatry lastest unarranged,https://t.me/c/2103576412/4348/4458,Telegram,47:38.6,Doctutorials,Critical,Closed
psychiatry lastest unarranged,https://t.me/c/2103576412/4348/4459,Telegram,47:38.6,Doctutorials,Critical,Closed
psychiatry lastest unarranged,https://t.me/c/2103576412/4348/4460,Telegram,47:38.6,Doctutorials,Critical,Closed
psychiatry lastest unarranged,https://t.me/c/2103576412/4348/4461,Telegram,47:38.6,Doctutorials,Critical,Closed
psychiatry lastest unarranged,https://t.me/c/2103576412/4348/4462,Telegram,47:38.6,Doctutorials,Critical,Closed
psychiatry lastest unarranged,https://t.me/c/2103576412/4348/4463,Telegram,47:38.6,Doctutorials,Critical,Closed
psychiatry lastest unarranged,https://t.me/c/2103576412/4348/4464,Telegram,47:38.6,Doctutorials,Critical,Closed
psychiatry lastest unarranged,https://t.me/c/2103576412/4348/4465,Telegram,47:38.6,Doctutorials,Critical,Closed
psychiatry lastest unarranged,https://t.me/c/2103576412/4348/4466,Telegram,47:38.6,Doctutorials,Critical,Closed
psychiatry lastest unarranged,https://t.me/c/2103576412/4348/4467,Telegram,47:38.6,Doctutorials,Critical,Closed
psychiatry lastest unarranged,https://t.me/c/2103576412/4348/4468,Telegram,47:38.6,Doctutorials,Critical,Closed
psychiatry lastest unarranged,https://t.me/c/2103576412/4348/4469,Telegram,47:38.6,Doctutorials,Critical,Closed
psychiatry lastest unarranged,https://t.me/c/2103576412/4348/4470,Telegram,47:38.6,Doctutorials,Critical,Closed
psychiatry lastest unarranged,https://t.me/c/2103576412/4348/4471,Telegram,47:38.6,Doctutorials,Critical,Closed
psychiatry lastest unarranged,https://t.me/c/2103576412/4348/4472,Telegram,47:38.6,Doctutorials,Critical,Closed
psychiatry lastest unarranged,https://t.me/c/2103576412/4348/4473,Telegram,47:38.6,Doctutorials,Critical,Closed
psychiatry lastest unarranged,https://t.me/c/2103576412/4348/4474,Telegram,47:38.6,Doctutorials,Critical,Closed
psychiatry lastest unarranged,https://t.me/c/2103576412/4348/4475,Telegram,47:38.6,Doctutorials,Critical,Closed
psychiatry lastest unarranged,https://t.me/c/2103576412/4348/4476,Telegram,47:38.6,Doctutorials,Critical,Closed
psychiatry lastest unarranged,https://t.me/c/2103576412/4348/4477,Telegram,47:38.6,Doctutorials,Critical,Closed
psychiatry lastest unarranged,https://t.me/c/2103576412/4348/4478,Telegram,47:38.6,Doctutorials,Critical,Closed
psychiatry lastest unarranged,https://t.me/c/2103576412/4348/4479,Telegram,47:38.6,Doctutorials,Critical,Closed
psychiatry lastest unarranged,https://t.me/c/2103576412/4348/4480,Telegram,47:38.6,Doctutorials,Critical,Closed
psychiatry lastest unarranged,https://t.me/c/2103576412/4348/4481,Telegram,47:38.6,Doctutorials,Critical,Closed
psychiatry lastest unarranged,https://t.me/c/2103576412/4348/4482,Telegram,47:38.6,Doctutorials,Critical,Closed
psychiatry lastest unarranged,https://t.me/c/2103576412/4348/4483,Telegram,47:38.6,Doctutorials,Critical,Closed
psychiatry lastest unarranged,https://t.me/c/2103576412/4348/4484,Telegram,47:38.6,Doctutorials,Critical,Closed
psychiatry lastest unarranged,https://t.me/c/2103576412/4348/4485,Telegram,47:38.6,Doctutorials,Critical,Closed
psychiatry lastest unarranged,https://t.me/c/2103576412/4348/4486,Telegram,47:38.6,Doctutorials,Critical,Closed
psychiatry lastest unarranged,https://t.me/c/2103576412/4348/4487,Telegram,47:38.6,Doctutorials,Critical,Closed
psychiatry lastest unarranged,https://t.me/c/2103576412/4348/4488,Telegram,47:38.6,Doctutorials,Critical,Closed
psychiatry lastest unarranged,https://t.me/c/2103576412/4348/4489,Telegram,47:38.6,Doctutorials,Critical,Closed
psychiatry lastest unarranged,https://t.me/c/2103576412/4348/4490,Telegram,47:38.6,Doctutorials,Critical,Closed
psychiatry lastest unarranged,https://t.me/c/2103576412/4348/4491,Telegram,47:38.6,Doctutorials,Critical,Closed
psychiatry lastest unarranged,https://t.me/c/2103576412/4348/4492,Telegram,47:38.6,Doctutorials,Critical,Closed
psychiatry lastest unarranged,https://t.me/c/2103576412/4348/4493,Telegram,47:38.6,Doctutorials,Critical,Closed
psychiatry lastest unarranged,https://t.me/c/2103576412/4348/4494,Telegram,47:38.6,Doctutorials,Critical,Closed
psychiatry lastest unarranged,https://t.me/c/2103576412/4348/4495,Telegram,47:38.6,Doctutorials,Critical,Closed
psychiatry lastest unarranged,https://t.me/c/2103576412/4348/4496,Telegram,47:38.6,Doctutorials,Critical,Closed
psychiatry lastest unarranged,https://t.me/c/2103576412/4348/4497,Telegram,47:38.6,Doctutorials,Critical,Closed
psychiatry lastest unarranged,https://t.me/c/2103576412/4348/4498,Telegram,47:38.6,Doctutorials,Critical,Closed
psychiatry lastest unarranged,https://t.me/c/2103576412/4348/4499,Telegram,47:38.6,Doctutorials,Critical,Closed
psychiatry lastest unarranged,https://t.me/c/2103576412/4348/4500,Telegram,47:38.6,Doctutorials,Critical,Closed
psychiatry lastest unarranged,https://t.me/c/2103576412/4348/4501,Telegram,47:38.6,Doctutorials,Critical,Closed
psychiatry lastest unarranged,https://t.me/c/2103576412/4348/4502,Telegram,47:38.6,Doctutorials,Critical,Closed
psychiatry lastest unarranged,https://t.me/c/2103576412/4348/4503,Telegram,47:38.6,Doctutorials,Critical,Closed
psychiatry lastest unarranged,https://t.me/c/2103576412/4348/4504,Telegram,47:38.6,Doctutorials,Critical,Closed
psychiatry lastest unarranged,https://t.me/c/2103576412/4348/4505,Telegram,47:38.6,Doctutorials,Critical,Closed
psychiatry lastest unarranged,https://t.me/c/2103576412/4348/4506,Telegram,47:38.6,Doctutorials,Critical,Closed
psychiatry lastest unarranged,https://t.me/c/2103576412/4348/4507,Telegram,47:38.6,Doctutorials,Critical,Closed
psychiatry lastest unarranged,https://t.me/c/2103576412/4348/4508,Telegram,47:38.6,Doctutorials,Critical,Closed
psychiatry lastest unarranged,https://t.me/c/2103576412/4348/4509,Telegram,47:38.6,Doctutorials,Critical,Closed
psychiatry lastest unarranged,https://t.me/c/2103576412/4348/4510,Telegram,47:38.6,Doctutorials,Critical,Closed
psychiatry lastest unarranged,https://t.me/c/2103576412/4348/4511,Telegram,47:38.6,Doctutorials,Critical,Closed
psychiatry lastest unarranged,https://t.me/c/2103576412/4348/4512,Telegram,47:38.6,Doctutorials,Critical,Closed
psychiatry lastest unarranged,https://t.me/c/2103576412/4348/4513,Telegram,47:38.6,Doctutorials,Critical,Closed
psychiatry lastest unarranged,https://t.me/c/2103576412/4348/4514,Telegram,47:38.6,Doctutorials,Critical,Closed
